ATOM,serial,name,alt_loc,res_name,chain_id,res_seq,icode,X,Y,Z,occupancy,temp_factor,element,charge
ATOM,1,N,,ARG,A,39,,83.776,-28.986,-52.344,1.0,72.73,,
ATOM,2,CA,,ARG,A,39,,84.407,-29.249,-53.639,1.0,74.22,,
ATOM,3,C,,ARG,A,39,,83.497,-30.047,-54.594,1.0,75.32,,
ATOM,4,O,,ARG,A,39,,83.688,-29.994,-55.814,1.0,76.79,,
ATOM,5,CB,,ARG,A,39,,85.767,-29.948,-53.459,1.0,79.43,,
ATOM,6,CG,,ARG,A,39,,86.84,-29.059,-52.824,1.0,93.92,,
ATOM,7,CD,,ARG,A,39,,87.973,-29.874,-52.225,1.0,107.2,,
ATOM,8,NE,,ARG,A,39,,88.964,-30.272,-53.225,1.0,117.7,,
ATOM,9,CZ,,ARG,A,39,,90.21,-29.81,-53.271,1.0,133.6,,
ATOM,10,NH1,,ARG,A,39,,91.044,-30.227,-54.213,1.0,123.6,,
ATOM,11,NH2,,ARG,A,39,,90.634,-28.932,-52.369,1.0,119.3,,
ATOM,12,N,,SER,A,40,,82.522,-30.793,-54.037,1.0,67.07,,
ATOM,13,CA,,SER,A,40,,81.56,-31.579,-54.819,1.0,64.48,,
ATOM,14,C,,SER,A,40,,80.243,-30.814,-55.027,1.0,58.85,,
ATOM,15,O,,SER,A,40,,79.631,-30.943,-56.09,1.0,58.19,,
ATOM,16,CB,,SER,A,40,,81.285,-32.919,-54.148,1.0,68.86,,
ATOM,17,OG,,SER,A,40,,82.421,-33.764,-54.204,1.0,82.15,,
ATOM,18,N,,SER,A,41,,79.805,-30.034,-54.015,1.0,48.86,,
ATOM,19,CA,,SER,A,41,,78.57,-29.256,-54.091,1.0,44.49,,
ATOM,20,C,,SER,A,41,,78.635,-27.924,-53.356,1.0,43.26,,
ATOM,21,O,,SER,A,41,,79.198,-27.847,-52.262,1.0,42.69,,
ATOM,22,CB,,SER,A,41,,77.39,-30.074,-53.586,1.0,44.52,,
ATOM,23,OG,,SER,A,41,,76.212,-29.282,-53.567,1.0,47.89,,
ATOM,24,N,,ASP,A,42,,78.01,-26.886,-53.932,1.0,36.98,,
ATOM,25,CA,,ASP,A,42,,77.976,-25.567,-53.305,1.0,34.37,,
ATOM,26,C,,ASP,A,42,,76.574,-25.124,-52.848,1.0,35.18,,
ATOM,27,O,,ASP,A,42,,76.343,-23.929,-52.609,1.0,33.44,,
ATOM,28,CB,,ASP,A,42,,78.635,-24.521,-54.208,1.0,36.01,,
ATOM,29,CG,,ASP,A,42,,77.906,-24.215,-55.504,1.0,34.55,,
ATOM,30,OD1,,ASP,A,42,,76.82,-24.824,-55.751,1.0,33.35,,
ATOM,31,OD2,,ASP,A,42,,78.376,-23.334,-56.241,1.0,35.12,,
ATOM,32,N,,TYR,A,43,,75.646,-26.078,-52.69,1.0,30.86,,
ATOM,33,CA,,TYR,A,43,,74.315,-25.779,-52.152,1.0,28.76,,
ATOM,34,C,,TYR,A,43,,74.412,-25.151,-50.758,1.0,31.78,,
ATOM,35,O,,TYR,A,43,,73.562,-24.332,-50.402,1.0,29.5,,
ATOM,36,CB,,TYR,A,43,,73.459,-27.033,-52.035,1.0,29.53,,
ATOM,37,CG,,TYR,A,43,,72.985,-27.594,-53.347,1.0,30.16,,
ATOM,38,CD1,,TYR,A,43,,72.708,-26.759,-54.429,1.0,30.96,,
ATOM,39,CD2,,TYR,A,43,,72.766,-28.96,-53.501,1.0,31.76,,
ATOM,40,CE1,,TYR,A,43,,72.271,-27.282,-55.648,1.0,31.41,,
ATOM,41,CE2,,TYR,A,43,,72.342,-29.492,-54.712,1.0,32.39,,
ATOM,42,CZ,,TYR,A,43,,72.075,-28.648,-55.775,1.0,36.54,,
ATOM,43,OH,,TYR,A,43,,71.617,-29.19,-56.938,1.0,39.34,,
ATOM,44,N,,TYR,A,44,,75.463,-25.501,-49.988,1.0,29.22,,
ATOM,45,CA,,TYR,A,44,,75.71,-24.954,-48.644,1.0,27.54,,
ATOM,46,C,,TYR,A,44,,75.748,-23.414,-48.653,1.0,31.51,,
ATOM,47,O,,TYR,A,44,,75.358,-22.77,-47.672,1.0,29.91,,
ATOM,48,CB,,TYR,A,44,,76.999,-25.555,-48.032,1.0,30.53,,
ATOM,49,CG,,TYR,A,44,,78.28,-24.968,-48.578,1.0,33.81,,
ATOM,50,CD1,,TYR,A,44,,78.881,-25.495,-49.72,1.0,37.0,,
ATOM,51,CD2,,TYR,A,44,,78.863,-23.845,-47.991,1.0,35.13,,
ATOM,52,CE1,,TYR,A,44,,80.047,-24.936,-50.25,1.0,37.93,,
ATOM,53,CE2,,TYR,A,44,,80.027,-23.279,-48.509,1.0,38.22,,
ATOM,54,CZ,,TYR,A,44,,80.606,-23.818,-49.65,1.0,43.86,,
ATOM,55,OH,,TYR,A,44,,81.751,-23.258,-50.156,1.0,45.17,,
ATOM,56,N,,ASN,A,45,,76.188,-22.821,-49.769,1.0,27.73,,
ATOM,57,CA,,ASN,A,45,,76.269,-21.368,-49.862,1.0,27.97,,
ATOM,58,C,,ASN,A,45,,75.048,-20.728,-50.546,1.0,32.61,,
ATOM,59,O,,ASN,A,45,,74.786,-19.552,-50.36,1.0,33.65,,
ATOM,60,CB,,ASN,A,45,,77.544,-21.0,-50.623,1.0,33.45,,
ATOM,61,CG,,ASN,A,45,,78.166,-19.723,-50.157,1.0,65.25,,
ATOM,62,ND2,,ASN,A,45,,78.533,-18.871,-51.107,1.0,63.53,,
ATOM,63,OD1,,ASN,A,45,,78.338,-19.492,-48.953,1.0,60.66,,
ATOM,64,N,,ARG,A,46,,74.33,-21.495,-51.367,1.0,29.35,,
ATOM,65,CA,,ARG,A,46,,73.224,-20.996,-52.183,1.0,27.81,,
ATOM,66,C,,ARG,A,46,,71.838,-21.237,-51.58,1.0,30.39,,
ATOM,67,O,,ARG,A,46,,70.842,-20.692,-52.06,1.0,30.35,,
ATOM,68,CB,,ARG,A,46,,73.323,-21.64,-53.565,1.0,23.58,,
ATOM,69,CG,,ARG,A,46,,74.591,-21.225,-54.32,1.0,26.86,,
ATOM,70,CD,,ARG,A,46,,74.921,-22.155,-55.486,1.0,31.83,,
ATOM,71,NE,,ARG,A,46,,73.817,-22.289,-56.43,1.0,32.54,,
ATOM,72,CZ,,ARG,A,46,,73.563,-23.394,-57.115,1.0,43.52,,
ATOM,73,NH1,,ARG,A,46,,74.343,-24.461,-56.981,1.0,26.99,,
ATOM,74,NH2,,ARG,A,46,,72.543,-23.436,-57.961,1.0,37.79,,
ATOM,75,N,,SER,A,47,,71.781,-22.05,-50.541,1.0,26.03,,
ATOM,76,CA,,SER,A,47,,70.527,-22.373,-49.862,1.0,25.55,,
ATOM,77,C,,SER,A,47,,69.973,-21.183,-49.06,1.0,29.82,,
ATOM,78,O,,SER,A,47,,70.748,-20.372,-48.535,1.0,27.92,,
ATOM,79,CB,,SER,A,47,,70.744,-23.549,-48.916,1.0,27.43,,
ATOM,80,OG,,SER,A,47,,69.581,-23.866,-48.166,1.0,29.83,,
ATOM,81,N,,THR,A,48,,68.619,-21.123,-48.917,1.0,26.46,,
ATOM,82,CA,,THR,A,48,,67.945,-20.151,-48.034,1.0,25.19,,
ATOM,83,C,,THR,A,48,,68.205,-20.556,-46.571,1.0,25.84,,
ATOM,84,O,,THR,A,48,,67.994,-19.762,-45.662,1.0,23.54,,
ATOM,85,CB,,THR,A,48,,66.451,-20.011,-48.337,1.0,26.83,,
ATOM,86,CG2,,THR,A,48,,66.177,-19.499,-49.778,1.0,25.23,,
ATOM,87,OG1,,THR,A,48,,65.785,-21.235,-48.034,1.0,31.68,,
ATOM,88,N,,SER,A,49,,68.684,-21.792,-46.347,1.0,21.66,,
ATOM,89,CA,,SER,A,49,,69.06,-22.27,-45.016,1.0,21.9,,
ATOM,90,C,,SER,A,49,,70.529,-22.705,-45.17,1.0,26.51,,
ATOM,91,O,,SER,A,49,,70.807,-23.911,-45.257,1.0,25.96,,
ATOM,92,CB,,SER,A,49,,68.149,-23.42,-44.57,1.0,22.41,,
ATOM,93,OG,,SER,A,49,,68.089,-24.448,-45.556,1.0,26.73,,
ATOM,94,N,,PRO,A,50,,71.469,-21.726,-45.353,1.0,24.96,,
ATOM,95,CA,,PRO,A,50,,72.86,-22.103,-45.645,1.0,25.29,,
ATOM,96,C,,PRO,A,50,,73.549,-22.776,-44.469,1.0,30.05,,
ATOM,97,O,,PRO,A,50,,73.064,-22.702,-43.339,1.0,28.22,,
ATOM,98,CB,,PRO,A,50,,73.519,-20.772,-46.033,1.0,26.99,,
ATOM,99,CG,,PRO,A,50,,72.739,-19.746,-45.296,1.0,29.95,,
ATOM,100,CD,,PRO,A,50,,71.323,-20.252,-45.254,1.0,24.92,,
ATOM,101,N,,TRP,A,51,,74.655,-23.475,-44.747,1.0,30.16,,
ATOM,102,CA,,TRP,A,51,,75.38,-24.17,-43.693,1.0,30.49,,
ATOM,103,C,,TRP,A,51,,76.889,-24.113,-43.883,1.0,37.74,,
ATOM,104,O,,TRP,A,51,,77.387,-23.732,-44.948,1.0,37.49,,
ATOM,105,CB,,TRP,A,51,,74.862,-25.618,-43.524,1.0,27.68,,
ATOM,106,CG,,TRP,A,51,,75.077,-26.525,-44.698,1.0,28.83,,
ATOM,107,CD1,,TRP,A,51,,76.156,-27.331,-44.922,1.0,32.87,,
ATOM,108,CD2,,TRP,A,51,,74.166,-26.759,-45.786,1.0,27.65,,
ATOM,109,CE2,,TRP,A,51,,74.756,-27.736,-46.62,1.0,32.01,,
ATOM,110,CE3,,TRP,A,51,,72.906,-26.232,-46.142,1.0,27.53,,
ATOM,111,NE1,,TRP,A,51,,75.966,-28.072,-46.065,1.0,31.79,,
ATOM,112,CZ2,,TRP,A,51,,74.14,-28.185,-47.802,1.0,31.83,,
ATOM,113,CZ3,,TRP,A,51,,72.289,-26.692,-47.303,1.0,29.05,,
ATOM,114,CH2,,TRP,A,51,,72.907,-27.643,-48.123,1.0,30.93,,
ATOM,115,N,,ASN,A,52,,77.607,-24.427,-42.807,1.0,36.4,,
ATOM,116,CA,,ASN,A,52,,79.056,-24.531,-42.752,1.0,38.38,,
ATOM,117,C,,ASN,A,52,,79.343,-25.99,-42.514,1.0,44.73,,
ATOM,118,O,,ASN,A,52,,78.492,-26.692,-41.979,1.0,43.07,,
ATOM,119,CB,,ASN,A,52,,79.621,-23.722,-41.595,1.0,39.75,,
ATOM,120,CG,,ASN,A,52,,79.351,-22.254,-41.676,1.0,53.92,,
ATOM,121,ND2,,ASN,A,52,,79.176,-21.65,-40.51,1.0,42.16,,
ATOM,122,OD1,,ASN,A,52,,79.336,-21.647,-42.754,1.0,40.49,,
ATOM,123,N,,LEU,A,53,,80.527,-26.453,-42.915,1.0,47.21,,
ATOM,124,CA,,LEU,A,53,,80.943,-27.837,-42.733,1.0,50.02,,
ATOM,125,C,,LEU,A,53,,82.06,-27.9,-41.714,1.0,60.12,,
ATOM,126,O,,LEU,A,53,,83.057,-27.182,-41.842,1.0,61.46,,
ATOM,127,CB,,LEU,A,53,,81.33,-28.49,-44.071,1.0,51.03,,
ATOM,128,CG,,LEU,A,53,,80.159,-28.644,-45.063,1.0,55.18,,
ATOM,129,CD1,,LEU,A,53,,80.641,-28.671,-46.504,1.0,57.21,,
ATOM,130,CD2,,LEU,A,53,,79.291,-29.854,-44.727,1.0,57.22,,
ATOM,131,N,,HIS,A,54,,81.859,-28.705,-40.662,1.0,59.64,,
ATOM,132,CA,,HIS,A,54,,82.823,-28.839,-39.576,1.0,63.07,,
ATOM,133,C,,HIS,A,54,,83.415,-30.234,-39.486,1.0,68.95,,
ATOM,134,O,,HIS,A,54,,82.701,-31.224,-39.665,1.0,66.95,,
ATOM,135,CB,,HIS,A,54,,82.211,-28.39,-38.255,1.0,64.33,,
ATOM,136,CG,,HIS,A,54,,81.874,-26.928,-38.234,1.0,67.86,,
ATOM,137,CD2,,HIS,A,54,,82.676,-25.85,-38.051,1.0,71.3,,
ATOM,138,ND1,,HIS,A,54,,80.585,-26.488,-38.464,1.0,68.18,,
ATOM,139,CE1,,HIS,A,54,,80.633,-25.169,-38.385,1.0,67.58,,
ATOM,140,NE2,,HIS,A,54,,81.871,-24.737,-38.147,1.0,69.74,,
ATOM,141,N,,ARG,A,55,,84.737,-30.313,-39.254,1.0,69.26,,
ATOM,142,CA,,ARG,A,55,,85.43,-31.595,-39.175,1.0,71.66,,
ATOM,143,C,,ARG,A,55,,85.31,-32.229,-37.786,1.0,75.85,,
ATOM,144,O,,ARG,A,55,,85.656,-31.609,-36.775,1.0,75.81,,
ATOM,145,CB,,ARG,A,55,,86.894,-31.512,-39.669,1.0,76.16,,
ATOM,146,CG,,ARG,A,55,,87.83,-30.579,-38.887,1.0,89.47,,
ATOM,147,CD,,ARG,A,55,,89.24,-30.534,-39.458,1.0,100.4,,
ATOM,148,NE,,ARG,A,55,,89.968,-31.794,-39.276,1.0,111.8,,
ATOM,149,CZ,,ARG,A,55,,90.309,-32.612,-40.268,1.0,127.8,,
ATOM,150,NH1,,ARG,A,55,,89.996,-32.313,-41.525,1.0,115.4,,
ATOM,151,NH2,,ARG,A,55,,90.97,-33.734,-40.011,1.0,114.9,,
ATOM,152,N,,ASN,A,56,,84.752,-33.449,-37.749,1.0,72.14,,
ATOM,153,CA,,ASN,A,56,,84.586,-34.24,-36.534,1.0,72.39,,
ATOM,154,C,,ASN,A,56,,85.673,-35.304,-36.58,1.0,79.01,,
ATOM,155,O,,ASN,A,56,,85.623,-36.201,-37.429,1.0,78.54,,
ATOM,156,CB,,ASN,A,56,,83.188,-34.861,-36.474,1.0,69.56,,
ATOM,157,CG,,ASN,A,56,,82.91,-35.652,-35.222,1.0,86.1,,
ATOM,158,ND2,,ASN,A,56,,82.151,-35.075,-34.299,1.0,83.38,,
ATOM,159,OD1,,ASN,A,56,,83.346,-36.792,-35.073,1.0,69.91,,
ATOM,160,N,,GLU,A,57,,86.691,-35.16,-35.714,1.0,78.61,,
ATOM,161,CA,,GLU,A,57,,87.829,-36.075,-35.672,1.0,82.26,,
ATOM,162,C,,GLU,A,57,,87.702,-37.121,-34.568,1.0,88.45,,
ATOM,163,O,,GLU,A,57,,87.314,-36.8,-33.441,1.0,86.9,,
ATOM,164,CB,,GLU,A,57,,89.156,-35.303,-35.561,1.0,85.6,,
ATOM,165,CG,,GLU,A,57,,90.311,-35.978,-36.285,1.0,99.52,,
ATOM,166,CD,,GLU,A,57,,91.578,-35.152,-36.391,1.0,120.3,,
ATOM,167,OE1,,GLU,A,57,,92.329,-35.095,-35.391,1.0,111.4,,
ATOM,168,OE2,,GLU,A,57,,91.837,-34.587,-37.479,1.0,113.3,,
ATOM,169,N,,ASP,A,58,,88.018,-38.38,-34.913,1.0,88.05,,
ATOM,170,CA,,ASP,A,58,,88.0,-39.531,-34.01,1.0,90.12,,
ATOM,171,C,,ASP,A,58,,88.997,-40.588,-34.526,1.0,97.69,,
ATOM,172,O,,ASP,A,58,,88.742,-41.198,-35.57,1.0,96.89,,
ATOM,173,CB,,ASP,A,58,,86.578,-40.12,-33.884,1.0,89.93,,
ATOM,174,CG,,ASP,A,58,,86.295,-40.835,-32.574,1.0,99.57,,
ATOM,175,OD1,,ASP,A,58,,87.183,-41.579,-32.094,1.0,104.0,,
ATOM,176,OD2,,ASP,A,58,,85.176,-40.681,-32.046,1.0,100.5,,
ATOM,177,N,,PRO,A,59,,90.148,-40.806,-33.835,1.0,97.96,,
ATOM,178,CA,,PRO,A,59,,91.115,-41.814,-34.32,1.0,101.0,,
ATOM,179,C,,PRO,A,59,,90.632,-43.256,-34.148,1.0,104.8,,
ATOM,180,O,,PRO,A,59,,91.025,-44.125,-34.933,1.0,106.9,,
ATOM,181,CB,,PRO,A,59,,92.384,-41.537,-33.494,1.0,105.9,,
ATOM,182,CG,,PRO,A,59,,92.113,-40.273,-32.721,1.0,108.3,,
ATOM,183,CD,,PRO,A,59,,90.626,-40.168,-32.593,1.0,100.4,,
ATOM,184,N,,GLU,A,60,,89.755,-43.498,-33.141,1.0,98.15,,
ATOM,185,CA,,GLU,A,60,,89.176,-44.807,-32.814,1.0,98.22,,
ATOM,186,C,,GLU,A,60,,87.948,-45.174,-33.68,1.0,95.8,,
ATOM,187,O,,GLU,A,60,,87.284,-46.183,-33.425,1.0,96.07,,
ATOM,188,CB,,GLU,A,60,,88.85,-44.896,-31.305,1.0,100.0,,
ATOM,189,CG,,GLU,A,60,,90.067,-44.845,-30.39,1.0,115.6,,
ATOM,190,CD,,GLU,A,60,,91.108,-45.924,-30.621,1.0,143.1,,
ATOM,191,OE1,,GLU,A,60,,90.891,-47.067,-30.158,1.0,143.7,,
ATOM,192,OE2,,GLU,A,60,,92.135,-45.631,-31.277,1.0,138.6,,
ATOM,193,N,,ARG,A,61,,87.677,-44.371,-34.717,1.0,86.6,,
ATOM,194,CA,,ARG,A,61,,86.561,-44.561,-35.639,1.0,82.36,,
ATOM,195,C,,ARG,A,61,,87.045,-44.506,-37.091,1.0,85.25,,
ATOM,196,O,,ARG,A,61,,87.993,-43.782,-37.39,1.0,83.86,,
ATOM,197,CB,,ARG,A,61,,85.487,-43.482,-35.377,1.0,75.95,,
ATOM,198,CG,,ARG,A,61,,84.261,-43.547,-36.297,1.0,73.97,,
ATOM,199,CD,,ARG,A,61,,83.42,-42.287,-36.256,1.0,65.99,,
ATOM,200,NE,,ARG,A,61,,84.126,-41.126,-36.795,1.0,63.29,,
ATOM,201,CZ,,ARG,A,61,,83.893,-39.87,-36.424,1.0,74.71,,
ATOM,202,NH1,,ARG,A,61,,82.967,-39.6,-35.51,1.0,56.84,,
ATOM,203,NH2,,ARG,A,61,,84.581,-38.875,-36.966,1.0,63.15,,
ATOM,204,N,,TYR,A,62,,86.407,-45.29,-37.979,1.0,83.18,,
ATOM,205,CA,,TYR,A,62,,86.671,-45.276,-39.415,1.0,84.08,,
ATOM,206,C,,TYR,A,62,,85.364,-44.998,-40.171,1.0,84.36,,
ATOM,207,O,,TYR,A,62,,84.408,-45.761,-40.02,1.0,83.37,,
ATOM,208,CB,,TYR,A,62,,87.39,-46.538,-39.94,1.0,90.45,,
ATOM,209,CG,,TYR,A,62,,87.714,-46.453,-41.422,1.0,94.39,,
ATOM,210,CD1,,TYR,A,62,,88.855,-45.792,-41.872,1.0,97.75,,
ATOM,211,CD2,,TYR,A,62,,86.862,-47.0,-42.376,1.0,95.05,,
ATOM,212,CE1,,TYR,A,62,,89.144,-45.689,-43.235,1.0,99.41,,
ATOM,213,CE2,,TYR,A,62,,87.139,-46.902,-43.739,1.0,96.53,,
ATOM,214,CZ,,TYR,A,62,,88.279,-46.243,-44.165,1.0,105.0,,
ATOM,215,OH,,TYR,A,62,,88.552,-46.155,-45.509,1.0,106.1,,
ATOM,216,N,,PRO,A,63,,85.289,-43.924,-40.991,1.0,78.71,,
ATOM,217,CA,,PRO,A,63,,86.332,-42.918,-41.27,1.0,78.8,,
ATOM,218,C,,PRO,A,63,,86.657,-42.047,-40.058,1.0,82.54,,
ATOM,219,O,,PRO,A,63,,85.764,-41.738,-39.262,1.0,79.52,,
ATOM,220,CB,,PRO,A,63,,85.738,-42.114,-42.435,1.0,77.94,,
ATOM,221,CG,,PRO,A,63,,84.26,-42.244,-42.265,1.0,79.93,,
ATOM,222,CD,,PRO,A,63,,84.049,-43.635,-41.736,1.0,77.4,,
ATOM,223,N,,SER,A,64,,87.954,-41.697,-39.902,1.0,81.62,,
ATOM,224,CA,,SER,A,64,,88.482,-40.88,-38.802,1.0,81.18,,
ATOM,225,C,,SER,A,64,,87.915,-39.462,-38.809,1.0,80.54,,
ATOM,226,O,,SER,A,64,,87.602,-38.92,-37.746,1.0,78.25,,
ATOM,227,CB,,SER,A,64,,90.008,-40.855,-38.831,1.0,88.36,,
ATOM,228,OG,,SER,A,64,,90.553,-42.165,-38.821,1.0,102.0,,
ATOM,229,N,,VAL,A,65,,87.764,-38.881,-40.012,1.0,75.44,,
ATOM,230,CA,,VAL,A,65,,87.222,-37.543,-40.215,1.0,72.16,,
ATOM,231,C,,VAL,A,65,,85.849,-37.616,-40.894,1.0,72.98,,
ATOM,232,O,,VAL,A,65,,85.691,-38.268,-41.929,1.0,73.26,,
ATOM,233,CB,,VAL,A,65,,88.221,-36.571,-40.922,1.0,76.88,,
ATOM,234,CG1,,VAL,A,65,,88.671,-37.082,-42.297,1.0,78.22,,
ATOM,235,CG2,,VAL,A,65,,87.657,-35.154,-41.022,1.0,73.86,,
ATOM,236,N,,ILE,A,66,,84.85,-36.987,-40.265,1.0,66.97,,
ATOM,237,CA,,ILE,A,66,,83.489,-36.884,-40.788,1.0,64.06,,
ATOM,238,C,,ILE,A,66,,83.125,-35.404,-40.833,1.0,65.68,,
ATOM,239,O,,ILE,A,66,,83.254,-34.708,-39.824,1.0,64.25,,
ATOM,240,CB,,ILE,A,66,,82.453,-37.769,-40.026,1.0,66.32,,
ATOM,241,CG1,,ILE,A,66,,82.687,-39.263,-40.336,1.0,69.05,,
ATOM,242,CG2,,ILE,A,66,,81.008,-37.377,-40.38,1.0,63.53,,
ATOM,243,CD1,,ILE,A,66,,81.979,-40.265,-39.438,1.0,74.55,,
ATOM,244,N,,TRP,A,67,,82.727,-34.918,-42.018,1.0,62.18,,
ATOM,245,CA,,TRP,A,67,,82.323,-33.53,-42.212,1.0,60.62,,
ATOM,246,C,,TRP,A,67,,80.842,-33.392,-41.905,1.0,59.37,,
ATOM,247,O,,TRP,A,67,,80.012,-34.095,-42.497,1.0,58.51,,
ATOM,248,CB,,TRP,A,67,,82.659,-33.047,-43.627,1.0,60.51,,
ATOM,249,CG,,TRP,A,67,,84.141,-32.924,-43.839,1.0,64.51,,
ATOM,250,CD1,,TRP,A,67,,84.978,-33.869,-44.353,1.0,69.94,,
ATOM,251,CD2,,TRP,A,67,,84.969,-31.821,-43.454,1.0,64.97,,
ATOM,252,CE2,,TRP,A,67,,86.3,-32.158,-43.786,1.0,71.83,,
ATOM,253,CE3,,TRP,A,67,,84.711,-30.563,-42.885,1.0,64.83,,
ATOM,254,NE1,,TRP,A,67,,86.274,-33.409,-44.344,1.0,71.49,,
ATOM,255,CZ2,,TRP,A,67,,87.374,-31.284,-43.566,1.0,72.53,,
ATOM,256,CZ3,,TRP,A,67,,85.775,-29.7,-42.66,1.0,67.57,,
ATOM,257,CH2,,TRP,A,67,,87.088,-30.061,-43.001,1.0,70.94,,
ATOM,258,N,,GLU,A,68,,80.514,-32.535,-40.926,1.0,51.78,,
ATOM,259,CA,,GLU,A,68,,79.128,-32.342,-40.52,1.0,47.75,,
ATOM,260,C,,GLU,A,68,,78.636,-30.947,-40.789,1.0,44.95,,
ATOM,261,O,,GLU,A,68,,79.343,-29.968,-40.526,1.0,45.68,,
ATOM,262,CB,,GLU,A,68,,78.889,-32.755,-39.06,1.0,49.28,,
ATOM,263,CG,,GLU,A,68,,78.449,-34.207,-38.957,1.0,62.62,,
ATOM,264,CD,,GLU,A,68,,77.668,-34.588,-37.714,1.0,89.46,,
ATOM,265,OE1,,GLU,A,68,,76.49,-34.18,-37.603,1.0,79.45,,
ATOM,266,OE2,,GLU,A,68,,78.205,-35.354,-36.883,1.0,88.24,,
ATOM,267,N,,ALA,A,69,,77.411,-30.863,-41.315,1.0,35.89,,
ATOM,268,CA,,ALA,A,69,,76.771,-29.595,-41.608,1.0,34.58,,
ATOM,269,C,,ALA,A,69,,76.261,-28.937,-40.327,1.0,35.68,,
ATOM,270,O,,ALA,A,69,,75.685,-29.601,-39.466,1.0,34.15,,
ATOM,271,CB,,ALA,A,69,,75.627,-29.801,-42.572,1.0,34.27,,
ATOM,272,N,,LYS,A,70,,76.49,-27.629,-40.208,1.0,32.03,,
ATOM,273,CA,,LYS,A,70,,75.99,-26.829,-39.102,1.0,31.53,,
ATOM,274,C,,LYS,A,70,,75.338,-25.609,-39.726,1.0,34.17,,
ATOM,275,O,,LYS,A,70,,76.003,-24.853,-40.444,1.0,33.41,,
ATOM,276,CB,,LYS,A,70,,77.11,-26.435,-38.129,1.0,35.15,,
ATOM,277,CG,,LYS,A,70,,77.528,-27.6,-37.222,1.0,54.39,,
ATOM,278,CD,,LYS,A,70,,78.262,-27.135,-35.965,1.0,65.48,,
ATOM,279,CE,,LYS,A,70,,78.644,-28.295,-35.07,1.0,69.93,,
ATOM,280,NZ,,LYS,A,70,,79.541,-27.873,-33.954,1.0,75.91,,
ATOM,281,N,,CYS,A,71,,74.028,-25.458,-39.506,1.0,30.57,,
ATOM,282,CA,,CYS,A,71,,73.237,-24.351,-40.037,1.0,30.58,,
ATOM,283,C,,CYS,A,71,,73.868,-23.03,-39.612,1.0,32.22,,
ATOM,284,O,,CYS,A,71,,74.296,-22.871,-38.468,1.0,32.19,,
ATOM,285,CB,,CYS,A,71,,71.779,-24.459,-39.592,1.0,30.95,,
ATOM,286,SG,,CYS,A,71,,70.976,-26.043,-39.99,1.0,35.23,,
ATOM,287,N,,ARG,A,72,,73.998,-22.121,-40.554,1.0,27.78,,
ATOM,288,CA,,ARG,A,72,,74.64,-20.829,-40.338,1.0,27.83,,
ATOM,289,C,,ARG,A,72,,73.783,-19.897,-39.471,1.0,30.7,,
ATOM,290,O,,ARG,A,72,,74.32,-19.103,-38.698,1.0,31.16,,
ATOM,291,CB,,ARG,A,72,,74.89,-20.189,-41.705,1.0,28.41,,
ATOM,292,CG,,ARG,A,72,,76.278,-19.602,-41.885,1.0,44.62,,
ATOM,293,CD,,ARG,A,72,,76.479,-19.12,-43.313,1.0,42.83,,
ATOM,294,NE,,ARG,A,72,,77.122,-20.13,-44.15,1.0,46.76,,
ATOM,295,CZ,,ARG,A,72,,77.259,-20.037,-45.47,1.0,52.17,,
ATOM,296,NH1,,ARG,A,72,,76.797,-18.974,-46.121,1.0,30.32,,
ATOM,297,NH2,,ARG,A,72,,77.864,-21.0,-46.148,1.0,43.57,,
ATOM,298,N,,HIS,A,73,,72.452,-19.968,-39.643,1.0,25.87,,
ATOM,299,CA,,HIS,A,73,,71.507,-19.081,-38.969,1.0,27.04,,
ATOM,300,C,,HIS,A,73,,70.386,-19.882,-38.329,1.0,29.14,,
ATOM,301,O,,HIS,A,73,,70.145,-21.036,-38.714,1.0,26.84,,
ATOM,302,CB,,HIS,A,73,,70.877,-18.118,-40.018,1.0,28.1,,
ATOM,303,CG,,HIS,A,73,,71.876,-17.391,-40.869,1.0,32.49,,
ATOM,304,CD2,,HIS,A,73,,72.723,-16.391,-40.537,1.0,35.19,,
ATOM,305,ND1,,HIS,A,73,,72.082,-17.731,-42.195,1.0,34.92,,
ATOM,306,CE1,,HIS,A,73,,73.035,-16.918,-42.631,1.0,35.39,,
ATOM,307,NE2,,HIS,A,73,,73.448,-16.092,-41.664,1.0,36.21,,
ATOM,308,N,,LEU,A,74,,69.678,-19.245,-37.374,1.0,23.7,,
ATOM,309,CA,,LEU,A,74,,68.484,-19.814,-36.769,1.0,21.88,,
ATOM,310,C,,LEU,A,74,,67.32,-19.635,-37.766,1.0,23.82,,
ATOM,311,O,,LEU,A,74,,66.619,-20.599,-38.066,1.0,23.83,,
ATOM,312,CB,,LEU,A,74,,68.166,-19.183,-35.405,1.0,21.49,,
ATOM,313,CG,,LEU,A,74,,66.761,-19.467,-34.83,1.0,26.57,,
ATOM,314,CD1,,LEU,A,74,,66.534,-20.963,-34.58,1.0,25.38,,
ATOM,315,CD2,,LEU,A,74,,66.506,-18.656,-33.562,1.0,28.47,,
ATOM,316,N,,GLY,A,75,,67.161,-18.426,-38.306,1.0,21.72,,
ATOM,317,CA,,GLY,A,75,,66.143,-18.173,-39.318,1.0,22.41,,
ATOM,318,C,,GLY,A,75,,66.6,-18.631,-40.695,1.0,26.16,,
ATOM,319,O,,GLY,A,75,,67.635,-19.292,-40.822,1.0,25.98,,
ATOM,320,N,,CYS,A,76,,65.825,-18.293,-41.736,1.0,23.64,,
ATOM,321,CA,,CYS,A,76,,66.154,-18.603,-43.143,1.0,23.45,,
ATOM,322,C,,CYS,A,76,,66.346,-17.276,-43.874,1.0,30.19,,
ATOM,323,O,,CYS,A,76,,65.757,-16.283,-43.474,1.0,29.63,,
ATOM,324,CB,,CYS,A,76,,65.055,-19.428,-43.813,1.0,23.61,,
ATOM,325,SG,,CYS,A,76,,64.667,-20.999,-43.002,1.0,27.52,,
ATOM,326,N,,ILE,A,77,,67.092,-17.271,-44.977,1.0,30.35,,
ATOM,327,CA,,ILE,A,77,,67.304,-16.047,-45.764,1.0,32.28,,
ATOM,328,C,,ILE,A,77,,66.093,-15.803,-46.641,1.0,38.16,,
ATOM,329,O,,ILE,A,77,,65.767,-16.652,-47.46,1.0,36.54,,
ATOM,330,CB,,ILE,A,77,,68.633,-16.072,-46.581,1.0,37.05,,
ATOM,331,CG1,,ILE,A,77,,69.857,-16.496,-45.721,1.0,37.39,,
ATOM,332,CG2,,ILE,A,77,,68.878,-14.721,-47.312,1.0,38.92,,
ATOM,333,CD1,,ILE,A,77,,70.044,-15.762,-44.3,1.0,46.2,,
ATOM,334,N,,ASN,A,78,,65.442,-14.636,-46.488,1.0,38.61,,
ATOM,335,CA,,ASN,A,78,,64.253,-14.304,-47.278,1.0,40.27,,
ATOM,336,C,,ASN,A,78,,64.608,-13.662,-48.623,1.0,48.21,,
ATOM,337,O,,ASN,A,78,,65.788,-13.583,-48.983,1.0,46.36,,
ATOM,338,CB,,ASN,A,78,,63.246,-13.453,-46.459,1.0,41.62,,
ATOM,339,CG,,ASN,A,78,,63.694,-12.058,-46.059,1.0,51.19,,
ATOM,340,ND2,,ASN,A,78,,63.023,-11.507,-45.061,1.0,42.92,,
ATOM,341,OD1,,ASN,A,78,,64.609,-11.454,-46.63,1.0,38.18,,
ATOM,342,N,,ALA,A,79,,63.57,-13.187,-49.347,1.0,49.87,,
ATOM,343,CA,,ALA,A,79,,63.658,-12.537,-50.653,1.0,52.95,,
ATOM,344,C,,ALA,A,79,,64.566,-11.295,-50.689,1.0,60.06,,
ATOM,345,O,,ALA,A,79,,65.216,-11.055,-51.702,1.0,62.59,,
ATOM,346,CB,,ALA,A,79,,62.262,-12.186,-51.141,1.0,55.07,,
ATOM,347,N,,ASP,A,80,,64.619,-10.524,-49.59,1.0,55.98,,
ATOM,348,CA,,ASP,A,80,,65.405,-9.29,-49.482,1.0,56.98,,
ATOM,349,C,,ASP,A,80,,66.85,-9.501,-48.971,1.0,58.6,,
ATOM,350,O,,ASP,A,80,,67.604,-8.531,-48.832,1.0,59.93,,
ATOM,351,CB,,ASP,A,80,,64.654,-8.258,-48.608,1.0,60.35,,
ATOM,352,CG,,ASP,A,80,,63.135,-8.355,-48.684,1.0,75.23,,
ATOM,353,OD1,,ASP,A,80,,62.567,-8.012,-49.75,1.0,77.9,,
ATOM,354,OD2,,ASP,A,80,,62.519,-8.8,-47.689,1.0,80.02,,
ATOM,355,N,,GLY,A,81,,67.214,-10.753,-48.69,1.0,50.88,,
ATOM,356,CA,,GLY,A,81,,68.535,-11.113,-48.183,1.0,48.68,,
ATOM,357,C,,GLY,A,81,,68.672,-11.048,-46.677,1.0,50.53,,
ATOM,358,O,,GLY,A,81,,69.79,-11.09,-46.146,1.0,51.51,,
ATOM,359,N,,ASN,A,82,,67.538,-10.953,-45.969,1.0,42.13,,
ATOM,360,CA,,ASN,A,82,,67.587,-10.857,-44.521,1.0,40.57,,
ATOM,361,C,,ASN,A,82,,67.259,-12.182,-43.882,1.0,37.44,,
ATOM,362,O,,ASN,A,82,,66.459,-12.948,-44.432,1.0,35.6,,
ATOM,363,CB,,ASN,A,82,,66.618,-9.774,-44.013,1.0,44.71,,
ATOM,364,CG,,ASN,A,82,,66.762,-8.434,-44.704,1.0,64.9,,
ATOM,365,ND2,,ASN,A,82,,65.676,-7.943,-45.286,1.0,54.61,,
ATOM,366,OD1,,ASN,A,82,,67.833,-7.824,-44.714,1.0,58.26,,
ATOM,367,N,,VAL,A,83,,67.847,-12.432,-42.699,1.0,32.46,,
ATOM,368,CA,,VAL,A,83,,67.54,-13.602,-41.872,1.0,30.29,,
ATOM,369,C,,VAL,A,83,,66.099,-13.38,-41.392,1.0,31.56,,
ATOM,370,O,,VAL,A,83,,65.797,-12.355,-40.768,1.0,31.18,,
ATOM,371,CB,,VAL,A,83,,68.521,-13.82,-40.674,1.0,33.96,,
ATOM,372,CG1,,VAL,A,83,,68.204,-15.121,-39.945,1.0,31.41,,
ATOM,373,CG2,,VAL,A,83,,69.972,-13.825,-41.141,1.0,34.76,,
ATOM,374,N,,ASP,A,84,,65.209,-14.285,-41.764,1.0,24.97,,
ATOM,375,CA,,ASP,A,84,,63.794,-14.197,-41.425,1.0,25.4,,
ATOM,376,C,,ASP,A,84,,63.473,-15.24,-40.324,1.0,25.01,,
ATOM,377,O,,ASP,A,84,,63.633,-16.438,-40.562,1.0,24.09,,
ATOM,378,CB,,ASP,A,84,,62.952,-14.417,-42.693,1.0,26.77,,
ATOM,379,CG,,ASP,A,84,,61.477,-14.069,-42.543,1.0,35.14,,
ATOM,380,OD1,,ASP,A,84,,60.925,-14.273,-41.439,1.0,31.04,,
ATOM,381,OD2,,ASP,A,84,,60.856,-13.674,-43.553,1.0,41.64,,
ATOM,382,N,,TYR,A,85,,62.98,-14.779,-39.159,1.0,20.92,,
ATOM,383,CA,,TYR,A,85,,62.68,-15.652,-37.993,1.0,21.85,,
ATOM,384,C,,TYR,A,85,,61.245,-16.189,-37.956,1.0,23.86,,
ATOM,385,O,,TYR,A,85,,60.846,-16.806,-36.95,1.0,22.86,,
ATOM,386,CB,,TYR,A,85,,63.06,-14.965,-36.668,1.0,25.11,,
ATOM,387,CG,,TYR,A,85,,64.541,-14.669,-36.621,1.0,29.16,,
ATOM,388,CD1,,TYR,A,85,,65.453,-15.643,-36.221,1.0,30.83,,
ATOM,389,CD2,,TYR,A,85,,65.042,-13.438,-37.049,1.0,31.97,,
ATOM,390,CE1,,TYR,A,85,,66.829,-15.399,-36.244,1.0,32.27,,
ATOM,391,CE2,,TYR,A,85,,66.413,-13.185,-37.078,1.0,33.74,,
ATOM,392,CZ,,TYR,A,85,,67.301,-14.165,-36.666,1.0,33.02,,
ATOM,393,OH,,TYR,A,85,,68.642,-13.895,-36.692,1.0,33.27,,
ATOM,394,N,,HIS,A,86,,60.505,-16.064,-39.085,1.0,22.64,,
ATOM,395,CA,,HIS,A,86,,59.185,-16.685,-39.257,1.0,23.72,,
ATOM,396,C,,HIS,A,86,,59.412,-18.138,-39.765,1.0,25.47,,
ATOM,397,O,,HIS,A,86,,58.472,-18.882,-39.96,1.0,23.35,,
ATOM,398,CB,,HIS,A,86,,58.313,-15.918,-40.282,1.0,25.94,,
ATOM,399,CG,,HIS,A,86,,58.008,-14.497,-39.908,1.0,29.67,,
ATOM,400,CD2,,HIS,A,86,,58.594,-13.35,-40.328,1.0,30.77,,
ATOM,401,ND1,,HIS,A,86,,56.993,-14.176,-39.014,1.0,31.71,,
ATOM,402,CE1,,HIS,A,86,,56.994,-12.859,-38.933,1.0,31.29,,
ATOM,403,NE2,,HIS,A,86,,57.932,-12.317,-39.705,1.0,31.88,,
ATOM,404,N,,MET,A,87,,60.661,-18.502,-40.012,1.0,22.51,,
ATOM,405,CA,,MET,A,87,,61.056,-19.843,-40.437,1.0,25.17,,
ATOM,406,C,,MET,A,87,,62.367,-20.187,-39.754,1.0,25.82,,
ATOM,407,O,,MET,A,87,,63.012,-19.296,-39.21,1.0,24.55,,
ATOM,408,CB,,MET,A,87,,61.186,-19.921,-41.966,1.0,29.83,,
ATOM,409,CG,,MET,A,87,,61.739,-18.677,-42.579,1.0,39.16,,
ATOM,410,SD,,MET,A,87,,60.978,-18.359,-44.16,1.0,49.74,,
ATOM,411,CE,,MET,A,87,,59.588,-17.347,-43.6,1.0,47.37,,
ATOM,412,N,,ASN,A,88,,62.75,-21.476,-39.757,1.0,21.12,,
ATOM,413,CA,,ASN,A,88,,63.997,-21.902,-39.134,1.0,19.36,,
ATOM,414,C,,ASN,A,88,,64.813,-22.759,-40.059,1.0,24.27,,
ATOM,415,O,,ASN,A,88,,64.244,-23.56,-40.795,1.0,22.74,,
ATOM,416,CB,,ASN,A,88,,63.702,-22.737,-37.853,1.0,19.74,,
ATOM,417,CG,,ASN,A,88,,63.389,-21.978,-36.586,1.0,29.5,,
ATOM,418,ND2,,ASN,A,88,,63.243,-20.645,-36.642,1.0,19.82,,
ATOM,419,OD1,,ASN,A,88,,63.206,-22.595,-35.549,1.0,25.65,,
ATOM,420,N,,SER,A,89,,66.162,-22.614,-40.006,1.0,21.8,,
ATOM,421,CA,,SER,A,89,,67.081,-23.497,-40.712,1.0,20.71,,
ATOM,422,C,,SER,A,89,,67.266,-24.671,-39.743,1.0,23.41,,
ATOM,423,O,,SER,A,89,,67.494,-24.463,-38.552,1.0,22.05,,
ATOM,424,CB,,SER,A,89,,68.439,-22.828,-40.924,1.0,23.21,,
ATOM,425,OG,,SER,A,89,,68.339,-21.723,-41.795,1.0,25.03,,
ATOM,426,N,,VAL,A,90,,67.086,-25.905,-40.242,1.0,20.6,,
ATOM,427,CA,,VAL,A,90,,67.185,-27.127,-39.435,1.0,20.03,,
ATOM,428,C,,VAL,A,90,,68.09,-28.13,-40.162,1.0,27.65,,
ATOM,429,O,,VAL,A,90,,68.03,-28.216,-41.392,1.0,25.96,,
ATOM,430,CB,,VAL,A,90,,65.799,-27.776,-39.095,1.0,23.07,,
ATOM,431,CG1,,VAL,A,90,,64.973,-26.881,-38.185,1.0,22.73,,
ATOM,432,CG2,,VAL,A,90,,65.021,-28.146,-40.362,1.0,23.81,,
ATOM,433,N,,PRO,A,91,,68.937,-28.892,-39.434,1.0,27.72,,
ATOM,434,CA,,PRO,A,91,,69.786,-29.874,-40.127,1.0,28.07,,
ATOM,435,C,,PRO,A,91,,69.024,-31.122,-40.557,1.0,34.13,,
ATOM,436,O,,PRO,A,91,,68.12,-31.561,-39.858,1.0,34.13,,
ATOM,437,CB,,PRO,A,91,,70.862,-30.21,-39.096,1.0,30.43,,
ATOM,438,CG,,PRO,A,91,,70.226,-29.96,-37.779,1.0,35.0,,
ATOM,439,CD,,PRO,A,91,,69.173,-28.892,-37.968,1.0,29.37,,
ATOM,440,N,,ILE,A,92,,69.373,-31.662,-41.724,1.0,31.49,,
ATOM,441,CA,,ILE,A,92,,68.83,-32.926,-42.203,1.0,33.56,,
ATOM,442,C,,ILE,A,92,,69.875,-33.967,-41.808,1.0,37.24,,
ATOM,443,O,,ILE,A,92,,71.044,-33.877,-42.197,1.0,36.05,,
ATOM,444,CB,,ILE,A,92,,68.516,-32.97,-43.707,1.0,37.68,,
ATOM,445,CG1,,ILE,A,92,,67.607,-31.812,-44.115,1.0,38.36,,
ATOM,446,CG2,,ILE,A,92,,67.859,-34.315,-44.049,1.0,40.79,,
ATOM,447,CD1,,ILE,A,92,,67.709,-31.48,-45.58,1.0,45.99,,
ATOM,448,N,,GLN,A,93,,69.459,-34.897,-40.967,1.0,35.6,,
ATOM,449,CA,,GLN,A,93,,70.335,-35.927,-40.443,1.0,37.1,,
ATOM,450,C,,GLN,A,93,,70.108,-37.262,-41.126,1.0,43.33,,
ATOM,451,O,,GLN,A,93,,69.019,-37.54,-41.635,1.0,43.74,,
ATOM,452,CB,,GLN,A,93,,70.232,-36.001,-38.924,1.0,38.48,,
ATOM,453,CG,,GLN,A,93,,70.645,-34.685,-38.249,1.0,51.71,,
ATOM,454,CD,,GLN,A,93,,70.502,-34.698,-36.754,1.0,70.53,,
ATOM,455,NE2,,GLN,A,93,,71.613,-34.546,-36.055,1.0,65.05,,
ATOM,456,OE1,,GLN,A,93,,69.4,-34.801,-36.207,1.0,66.91,,
ATOM,457,N,,GLN,A,94,,71.19,-38.029,-41.234,1.0,39.98,,
ATOM,458,CA,,GLN,A,94,,71.202,-39.322,-41.884,1.0,41.05,,
ATOM,459,C,,GLN,A,94,,71.801,-40.324,-40.93,1.0,45.48,,
ATOM,460,O,,GLN,A,94,,72.84,-40.062,-40.322,1.0,44.4,,
ATOM,461,CB,,GLN,A,94,,72.04,-39.254,-43.172,1.0,42.48,,
ATOM,462,CG,,GLN,A,94,,71.967,-40.511,-44.048,1.0,49.8,,
ATOM,463,CD,,GLN,A,94,,72.915,-40.461,-45.229,1.0,62.56,,
ATOM,464,NE2,,GLN,A,94,,72.509,-41.066,-46.327,1.0,57.54,,
ATOM,465,OE1,,GLN,A,94,,74.034,-39.935,-45.163,1.0,53.61,,
ATOM,466,N,,GLU,A,95,,71.132,-41.46,-40.79,1.0,44.68,,
ATOM,467,CA,,GLU,A,95,,71.633,-42.557,-39.995,1.0,47.57,,
ATOM,468,C,,GLU,A,95,,72.594,-43.311,-40.907,1.0,53.2,,
ATOM,469,O,,GLU,A,95,,72.212,-43.748,-42.0,1.0,53.54,,
ATOM,470,CB,,GLU,A,95,,70.484,-43.459,-39.549,1.0,50.35,,
ATOM,471,CG,,GLU,A,95,,69.951,-43.141,-38.16,1.0,64.88,,
ATOM,472,CD,,GLU,A,95,,68.88,-44.073,-37.613,1.0,97.53,,
ATOM,473,OE1,,GLU,A,95,,68.609,-43.999,-36.392,1.0,96.86,,
ATOM,474,OE2,,GLU,A,95,,68.341,-44.9,-38.385,1.0,94.88,,
ATOM,475,N,,ILE,A,96,,73.863,-43.386,-40.494,1.0,50.43,,
ATOM,476,CA,,ILE,A,96,,74.94,-44.055,-41.239,1.0,51.77,,
ATOM,477,C,,ILE,A,96,,75.708,-45.012,-40.338,1.0,55.39,,
ATOM,478,O,,ILE,A,96,,75.877,-44.726,-39.16,1.0,52.56,,
ATOM,479,CB,,ILE,A,96,,75.896,-43.045,-41.944,1.0,54.24,,
ATOM,480,CG1,,ILE,A,96,,76.485,-42.013,-40.958,1.0,53.84,,
ATOM,481,CG2,,ILE,A,96,,75.221,-42.349,-43.12,1.0,53.15,,
ATOM,482,CD1,,ILE,A,96,,77.925,-41.818,-41.07,1.0,61.29,,
ATOM,483,N,,LEU,A,97,,76.182,-46.134,-40.888,1.0,55.79,,
ATOM,484,CA,,LEU,A,97,,76.982,-47.106,-40.143,1.0,58.63,,
ATOM,485,C,,LEU,A,97,,78.462,-46.738,-40.234,1.0,62.23,,
ATOM,486,O,,LEU,A,97,,78.924,-46.272,-41.27,1.0,61.19,,
ATOM,487,CB,,LEU,A,97,,76.736,-48.538,-40.632,1.0,61.9,,
ATOM,488,CG,,LEU,A,97,,75.372,-49.155,-40.302,1.0,67.58,,
ATOM,489,CD1,,LEU,A,97,,75.169,-50.443,-41.089,1.0,70.96,,
ATOM,490,CD2,,LEU,A,97,,75.228,-49.45,-38.804,1.0,71.6,,
ATOM,491,N,,VAL,A,98,,79.181,-46.863,-39.126,1.0,59.73,,
ATOM,492,CA,,VAL,A,98,,80.605,-46.554,-39.045,1.0,61.28,,
ATOM,493,C,,VAL,A,98,,81.344,-47.721,-38.4,1.0,71.98,,
ATOM,494,O,,VAL,A,98,,80.715,-48.624,-37.841,1.0,73.89,,
ATOM,495,CB,,VAL,A,98,,80.929,-45.201,-38.336,1.0,62.47,,
ATOM,496,CG1,,VAL,A,98,,80.453,-44.003,-39.153,1.0,59.21,,
ATOM,497,CG2,,VAL,A,98,,80.395,-45.152,-36.902,1.0,61.19,,
ATOM,498,N,,LEU,A,99,,82.672,-47.704,-38.481,1.0,71.98,,
ATOM,499,CA,,LEU,A,99,,83.509,-48.718,-37.86,1.0,76.19,,
ATOM,500,C,,LEU,A,99,,84.157,-48.117,-36.61,1.0,82.88,,
ATOM,501,O,,LEU,A,99,,84.628,-46.98,-36.65,1.0,79.93,,
ATOM,502,CB,,LEU,A,99,,84.566,-49.212,-38.865,1.0,78.69,,
ATOM,503,CG,,LEU,A,99,,85.108,-50.622,-38.682,1.0,86.66,,
ATOM,504,CD1,,LEU,A,99,,84.048,-51.657,-38.986,1.0,87.21,,
ATOM,505,CD2,,LEU,A,99,,86.284,-50.859,-39.59,1.0,89.99,,
ATOM,506,N,,ARG,A,100,,84.139,-48.858,-35.495,1.0,84.81,,
ATOM,507,CA,,ARG,A,100,,84.735,-48.408,-34.235,1.0,86.94,,
ATOM,508,C,,ARG,A,100,,85.575,-49.48,-33.569,1.0,98.55,,
ATOM,509,O,,ARG,A,100,,85.236,-50.661,-33.647,1.0,100.3,,
ATOM,510,CB,,ARG,A,100,,83.664,-47.92,-33.258,1.0,84.95,,
ATOM,511,CG,,ARG,A,100,,83.368,-46.435,-33.389,1.0,96.15,,
ATOM,512,CD,,ARG,A,100,,82.936,-45.835,-32.066,1.0,108.3,,
ATOM,513,NE,,ARG,A,100,,84.079,-45.448,-31.237,1.0,122.0,,
ATOM,514,CZ,,ARG,A,100,,84.59,-44.221,-31.192,1.0,137.1,,
ATOM,515,NH1,,ARG,A,100,,84.063,-43.247,-31.924,1.0,123.5,,
ATOM,516,NH2,,ARG,A,100,,85.63,-43.958,-30.412,1.0,125.4,,
ATOM,517,N,,ARG,A,101,,86.66,-49.063,-32.89,1.0,99.27,,
ATOM,518,CA,,ARG,A,101,,87.53,-49.961,-32.14,1.0,104.8,,
ATOM,519,C,,ARG,A,101,,86.942,-50.121,-30.74,1.0,110.8,,
ATOM,520,O,,ARG,A,101,,86.994,-49.183,-29.937,1.0,109.1,,
ATOM,521,CB,,ARG,A,101,,88.974,-49.433,-32.077,1.0,108.4,,
ATOM,522,CG,,ARG,A,101,,89.74,-49.56,-33.387,1.0,124.1,,
ATOM,523,CD,,ARG,A,101,,91.199,-49.199,-33.201,1.0,141.5,,
ATOM,524,NE,,ARG,A,101,,91.793,-48.73,-34.45,1.0,154.0,,
ATOM,525,CZ,,ARG,A,101,,92.834,-47.909,-34.52,1.0,170.6,,
ATOM,526,NH1,,ARG,A,101,,93.41,-47.459,-33.412,1.0,159.6,,
ATOM,527,NH2,,ARG,A,101,,93.306,-47.527,-35.698,1.0,157.8,,
ATOM,528,N,,GLU,A,102,,86.33,-51.294,-30.474,1.0,110.0,,
ATOM,529,CA,,GLU,A,102,,85.706,-51.617,-29.188,1.0,110.6,,
ATOM,530,C,,GLU,A,102,,86.243,-52.959,-28.667,1.0,119.1,,
ATOM,531,O,,GLU,A,102,,86.166,-53.952,-29.405,1.0,120.4,,
ATOM,532,CB,,GLU,A,102,,84.163,-51.625,-29.291,1.0,108.9,,
ATOM,533,CG,,GLU,A,102,,83.518,-50.252,-29.464,1.0,116.4,,
ATOM,534,CD,,GLU,A,102,,83.532,-49.325,-28.258,1.0,140.3,,
ATOM,535,OE1,,GLU,A,102,,83.264,-49.801,-27.13,1.0,136.4,,
ATOM,536,OE2,,GLU,A,102,,83.769,-48.109,-28.45,1.0,135.7,,
ATOM,537,N,,PRO,A,103,,86.839,-53.034,-27.442,1.0,118.2,,
ATOM,538,CA,,PRO,A,103,,87.036,-51.978,-26.415,1.0,116.5,,
ATOM,539,C,,PRO,A,103,,87.927,-50.807,-26.866,1.0,118.5,,
ATOM,540,O,,PRO,A,103,,88.785,-51.011,-27.727,1.0,119.4,,
ATOM,541,CB,,PRO,A,103,,87.651,-52.751,-25.229,1.0,122.6,,
ATOM,542,CG,,PRO,A,103,,87.267,-54.184,-25.462,1.0,129.7,,
ATOM,543,CD,,PRO,A,103,,87.341,-54.332,-26.95,1.0,124.4,,
ATOM,544,N,,PRO,A,104,,87.744,-49.574,-26.321,1.0,112.4,,
ATOM,545,CA,,PRO,A,104,,88.569,-48.434,-26.776,1.0,114.6,,
ATOM,546,C,,PRO,A,104,,90.054,-48.543,-26.431,1.0,146.7,,
ATOM,547,O,,PRO,A,104,,90.411,-48.975,-25.341,1.0,114.5,,
ATOM,548,CB,,PRO,A,104,,87.919,-47.22,-26.094,1.0,112.7,,
ATOM,549,CG,,PRO,A,104,,86.575,-47.693,-25.632,1.0,114.3,,
ATOM,550,CD,,PRO,A,104,,86.755,-49.139,-25.314,1.0,112.7,,
ATOM,551,N,,PRO,A,107,,93.205,-53.576,-31.194,1.0,117.3,,
ATOM,552,CA,,PRO,A,107,,93.748,-53.596,-32.56,1.0,117.5,,
ATOM,553,C,,PRO,A,107,,93.133,-54.691,-33.432,1.0,122.5,,
ATOM,554,O,,PRO,A,107,,93.176,-54.598,-34.659,1.0,121.2,,
ATOM,555,CB,,PRO,A,107,,95.249,-53.858,-32.345,1.0,124.0,,
ATOM,556,CG,,PRO,A,107,,95.476,-53.831,-30.849,1.0,130.1,,
ATOM,557,CD,,PRO,A,107,,94.162,-54.133,-30.222,1.0,123.5,,
ATOM,558,N,,ASN,A,108,,92.57,-55.73,-32.792,1.0,121.7,,
ATOM,559,CA,,ASN,A,108,,92.004,-56.911,-33.441,1.0,123.1,,
ATOM,560,C,,ASN,A,108,,90.503,-56.852,-33.716,1.0,122.5,,
ATOM,561,O,,ASN,A,108,,90.078,-57.28,-34.793,1.0,121.1,,
ATOM,562,CB,,ASN,A,108,,92.335,-58.179,-32.636,1.0,131.2,,
ATOM,563,CG,,ASN,A,108,,91.943,-58.137,-31.17,1.0,158.6,,
ATOM,564,ND2,,ASN,A,108,,92.945,-58.197,-30.313,1.0,152.6,,
ATOM,565,OD1,,ASN,A,108,,90.76,-58.107,-30.794,1.0,152.6,,
ATOM,566,N,,SER,A,109,,89.698,-56.376,-32.737,1.0,116.3,,
ATOM,567,CA,,SER,A,109,,88.242,-56.348,-32.855,1.0,112.0,,
ATOM,568,C,,SER,A,109,,87.64,-55.002,-33.19,1.0,111.2,,
ATOM,569,O,,SER,A,109,,88.101,-53.99,-32.685,1.0,109.5,,
ATOM,570,CB,,SER,A,109,,87.59,-56.898,-31.594,1.0,115.6,,
ATOM,571,OG,,SER,A,109,,87.887,-56.084,-30.47,1.0,121.8,,
ATOM,572,N,,PHE,A,110,,86.585,-54.996,-34.016,1.0,104.3,,
ATOM,573,CA,,PHE,A,110,,85.84,-53.803,-34.413,1.0,98.66,,
ATOM,574,C,,PHE,A,110,,84.339,-54.03,-34.206,1.0,98.6,,
ATOM,575,O,,PHE,A,110,,83.885,-55.177,-34.169,1.0,100.1,,
ATOM,576,CB,,PHE,A,110,,86.104,-53.438,-35.885,1.0,100.0,,
ATOM,577,CG,,PHE,A,110,,87.551,-53.257,-36.272,1.0,104.0,,
ATOM,578,CD1,,PHE,A,110,,88.22,-52.069,-35.997,1.0,105.4,,
ATOM,579,CD2,,PHE,A,110,,88.237,-54.261,-36.947,1.0,110.2,,
ATOM,580,CE1,,PHE,A,110,,89.557,-51.9,-36.365,1.0,108.6,,
ATOM,581,CE2,,PHE,A,110,,89.573,-54.09,-37.319,1.0,115.4,,
ATOM,582,CZ,,PHE,A,110,,90.222,-52.909,-37.028,1.0,111.8,,
ATOM,583,N,,ARG,A,111,,83.575,-52.931,-34.085,1.0,89.54,,
ATOM,584,CA,,ARG,A,111,,82.122,-52.936,-33.925,1.0,86.11,,
ATOM,585,C,,ARG,A,111,,81.5,-52.006,-34.965,1.0,85.7,,
ATOM,586,O,,ARG,A,111,,82.016,-50.904,-35.184,1.0,83.02,,
ATOM,587,CB,,ARG,A,111,,81.731,-52.485,-32.505,1.0,83.98,,
ATOM,588,CG,,ARG,A,111,,82.245,-53.495,-31.492,1.0,0.0,,
ATOM,589,CD,,ARG,A,111,,81.49,-54.805,-31.654,1.0,0.0,,
ATOM,590,NE,,ARG,A,111,,81.919,-55.735,-30.642,1.0,0.0,,
ATOM,591,CZ,,ARG,A,111,,82.976,-56.513,-30.859,1.0,0.0,,
ATOM,592,NH1,,ARG,A,111,,83.636,-56.432,-32.01,1.0,0.0,,
ATOM,593,NH2,,ARG,A,111,,83.372,-57.372,-29.924,1.0,0.0,,
ATOM,594,N,,LEU,A,112,,80.408,-52.449,-35.618,1.0,81.39,,
ATOM,595,CA,,LEU,A,112,,79.685,-51.614,-36.578,1.0,78.05,,
ATOM,596,C,,LEU,A,112,,78.635,-50.828,-35.799,1.0,78.82,,
ATOM,597,O,,LEU,A,112,,77.737,-51.426,-35.202,1.0,78.85,,
ATOM,598,CB,,LEU,A,112,,79.034,-52.444,-37.694,1.0,79.1,,
ATOM,599,CG,,LEU,A,112,,79.468,-52.083,-39.107,1.0,83.33,,
ATOM,600,CD1,,LEU,A,112,,80.554,-53.031,-39.596,1.0,87.66,,
ATOM,601,CD2,,LEU,A,112,,78.304,-52.13,-40.055,1.0,83.35,,
ATOM,602,N,,GLU,A,113,,78.788,-49.495,-35.756,1.0,72.69,,
ATOM,603,CA,,GLU,A,113,,77.906,-48.603,-35.011,1.0,69.81,,
ATOM,604,C,,GLU,A,113,,77.118,-47.685,-35.916,1.0,68.45,,
ATOM,605,O,,GLU,A,113,,77.676,-47.106,-36.843,1.0,66.8,,
ATOM,606,CB,,GLU,A,113,,78.707,-47.747,-34.01,1.0,71.15,,
ATOM,607,CG,,GLU,A,113,,79.139,-48.487,-32.757,1.0,90.72,,
ATOM,608,CD,,GLU,A,113,,79.892,-47.643,-31.747,1.0,120.3,,
ATOM,609,OE1,,GLU,A,113,,79.723,-46.4,-31.757,1.0,111.8,,
ATOM,610,OE2,,GLU,A,113,,80.65,-48.227,-30.938,1.0,122.5,,
ATOM,611,N,,LYS,A,114,,75.828,-47.514,-35.606,1.0,62.41,,
ATOM,612,CA,,LYS,A,114,,74.917,-46.622,-36.307,1.0,58.72,,
ATOM,613,C,,LYS,A,114,,75.052,-45.237,-35.669,1.0,60.52,,
ATOM,614,O,,LYS,A,114,,74.875,-45.085,-34.456,1.0,60.89,,
ATOM,615,CB,,LYS,A,114,,73.481,-47.146,-36.201,1.0,60.11,,
ATOM,616,CG,,LYS,A,114,,72.524,-46.563,-37.216,1.0,67.43,,
ATOM,617,CD,,LYS,A,114,,71.094,-46.562,-36.697,1.0,79.11,,
ATOM,618,CE,,LYS,A,114,,70.335,-47.847,-36.912,1.0,92.07,,
ATOM,619,NZ,,LYS,A,114,,68.883,-47.661,-36.632,1.0,100.2,,
ATOM,620,N,,ILE,A,115,,75.45,-44.249,-36.483,1.0,54.21,,
ATOM,621,CA,,ILE,A,115,,75.654,-42.863,-36.075,1.0,50.88,,
ATOM,622,C,,ILE,A,115,,74.741,-41.927,-36.881,1.0,47.98,,
ATOM,623,O,,ILE,A,115,,74.285,-42.272,-37.976,1.0,45.34,,
ATOM,624,CB,,ILE,A,115,,77.175,-42.483,-36.109,1.0,55.29,,
ATOM,625,CG1,,ILE,A,115,,77.578,-41.64,-34.896,1.0,55.62,,
ATOM,626,CG2,,ILE,A,115,,77.643,-41.843,-37.411,1.0,53.71,,
ATOM,627,CD1,,ILE,A,115,,78.377,-42.446,-33.868,1.0,64.48,,
ATOM,628,N,,LEU,A,116,,74.467,-40.754,-36.329,1.0,42.38,,
ATOM,629,CA,,LEU,A,116,,73.622,-39.766,-36.981,1.0,40.97,,
ATOM,630,C,,LEU,A,116,,74.515,-38.598,-37.418,1.0,42.41,,
ATOM,631,O,,LEU,A,116,,75.303,-38.099,-36.612,1.0,43.0,,
ATOM,632,CB,,LEU,A,116,,72.545,-39.327,-35.973,1.0,40.55,,
ATOM,633,CG,,LEU,A,116,,71.256,-38.675,-36.467,1.0,44.31,,
ATOM,634,CD1,,LEU,A,116,,70.498,-39.568,-37.42,1.0,44.54,,
ATOM,635,CD2,,LEU,A,116,,70.357,-38.324,-35.294,1.0,44.97,,
ATOM,636,N,,VAL,A,117,,74.468,-38.229,-38.707,1.0,36.35,,
ATOM,637,CA,,VAL,A,117,,75.28,-37.125,-39.25,1.0,35.24,,
ATOM,638,C,,VAL,A,117,,74.412,-36.118,-39.956,1.0,38.15,,
ATOM,639,O,,VAL,A,117,,73.474,-36.515,-40.643,1.0,38.09,,
ATOM,640,CB,,VAL,A,117,,76.506,-37.541,-40.133,1.0,41.84,,
ATOM,641,CG1,,VAL,A,117,,77.466,-38.452,-39.37,1.0,44.27,,
ATOM,642,CG2,,VAL,A,117,,76.083,-38.201,-41.448,1.0,42.24,,
ATOM,643,N,,SER,A,118,,74.751,-34.815,-39.827,1.0,33.46,,
ATOM,644,CA,,SER,A,118,,74.039,-33.729,-40.513,1.0,32.41,,
ATOM,645,C,,SER,A,118,,74.687,-33.558,-41.89,1.0,36.85,,
ATOM,646,O,,SER,A,118,,75.9,-33.285,-41.995,1.0,36.11,,
ATOM,647,CB,,SER,A,118,,74.118,-32.43,-39.73,1.0,33.2,,
ATOM,648,OG,,SER,A,118,,73.499,-32.573,-38.463,1.0,48.46,,
ATOM,649,N,,VAL,A,119,,73.876,-33.746,-42.935,1.0,33.3,,
ATOM,650,CA,,VAL,A,119,,74.296,-33.698,-44.345,1.0,34.21,,
ATOM,651,C,,VAL,A,119,,74.144,-32.285,-44.939,1.0,36.54,,
ATOM,652,O,,VAL,A,119,,74.914,-31.89,-45.805,1.0,36.45,,
ATOM,653,CB,,VAL,A,119,,73.524,-34.771,-45.165,1.0,39.55,,
ATOM,654,CG1,,VAL,A,119,,74.064,-34.874,-46.591,1.0,41.7,,
ATOM,655,CG2,,VAL,A,119,,73.603,-36.137,-44.485,1.0,40.84,,
ATOM,656,N,,GLY,A,120,,73.135,-31.561,-44.478,1.0,32.32,,
ATOM,657,CA,,GLY,A,120,,72.826,-30.209,-44.92,1.0,31.07,,
ATOM,658,C,,GLY,A,120,,71.7,-29.645,-44.095,1.0,34.13,,
ATOM,659,O,,GLY,A,120,,71.307,-30.261,-43.102,1.0,34.58,,
ATOM,660,N,,CYS,A,121,,71.185,-28.472,-44.485,1.0,30.3,,
ATOM,661,CA,,CYS,A,121,,70.058,-27.824,-43.804,1.0,27.87,,
ATOM,662,C,,CYS,A,121,,68.903,-27.563,-44.753,1.0,29.8,,
ATOM,663,O,,CYS,A,121,,69.103,-27.446,-45.969,1.0,28.66,,
ATOM,664,CB,,CYS,A,121,,70.488,-26.558,-43.068,1.0,29.72,,
ATOM,665,SG,,CYS,A,121,,71.724,-26.848,-41.778,1.0,35.02,,
ATOM,666,N,,THR,A,122,,67.682,-27.522,-44.208,1.0,23.86,,
ATOM,667,CA,,THR,A,122,,66.459,-27.186,-44.961,1.0,20.92,,
ATOM,668,C,,THR,A,122,,65.752,-26.1,-44.161,1.0,23.45,,
ATOM,669,O,,THR,A,122,,66.107,-25.866,-43.014,1.0,21.84,,
ATOM,670,CB,,THR,A,122,,65.596,-28.427,-45.24,1.0,22.26,,
ATOM,671,CG2,,THR,A,122,,64.843,-28.956,-43.978,1.0,22.5,,
ATOM,672,OG1,,THR,A,122,,64.663,-28.082,-46.253,1.0,25.51,,
ATOM,673,N,,CYS,A,123,,64.782,-25.432,-44.759,1.0,22.9,,
ATOM,674,CA,,CYS,A,123,,64.055,-24.363,-44.085,1.0,22.98,,
ATOM,675,C,,CYS,A,123,,62.676,-24.874,-43.743,1.0,26.89,,
ATOM,676,O,,CYS,A,123,,61.953,-25.283,-44.649,1.0,25.68,,
ATOM,677,CB,,CYS,A,123,,63.96,-23.13,-44.982,1.0,24.6,,
ATOM,678,SG,,CYS,A,123,,63.153,-21.727,-44.196,1.0,28.74,,
ATOM,679,N,,VAL,A,124,,62.296,-24.788,-42.453,1.0,24.25,,
ATOM,680,CA,,VAL,A,124,,60.972,-25.197,-41.995,1.0,24.27,,
ATOM,681,C,,VAL,A,124,,60.18,-23.977,-41.501,1.0,26.28,,
ATOM,682,O,,VAL,A,124,,60.742,-23.008,-40.99,1.0,24.19,,
ATOM,683,CB,,VAL,A,124,,60.965,-26.381,-41.003,1.0,28.06,,
ATOM,684,CG1,,VAL,A,124,,61.61,-27.619,-41.633,1.0,27.91,,
ATOM,685,CG2,,VAL,A,124,,61.615,-26.019,-39.679,1.0,27.45,,
ATOM,686,N,,THR,A,125,,58.866,-24.051,-41.654,1.0,22.73,,
ATOM,687,CA,,THR,A,125,,57.918,-22.994,-41.31,1.0,23.52,,
ATOM,688,C,,THR,A,125,,56.872,-23.577,-40.321,1.0,28.32,,
ATOM,689,O,,THR,A,125,,56.565,-24.769,-40.443,1.0,28.76,,
ATOM,690,CB,,THR,A,125,,57.257,-22.593,-42.642,1.0,33.97,,
ATOM,691,CG2,,THR,A,125,,55.951,-21.863,-42.499,1.0,25.27,,
ATOM,692,OG1,,THR,A,125,,58.196,-21.88,-43.447,1.0,43.15,,
ATOM,693,N,,PRO,A,126,,56.244,-22.757,-39.433,1.0,25.96,,
ATOM,694,CA,,PRO,A,126,,55.211,-23.307,-38.534,1.0,27.17,,
ATOM,695,C,,PRO,A,126,,53.833,-23.454,-39.21,1.0,32.29,,
ATOM,696,O,,PRO,A,126,,52.897,-23.905,-38.557,1.0,32.86,,
ATOM,697,CB,,PRO,A,126,,55.162,-22.276,-37.414,1.0,28.18,,
ATOM,698,CG,,PRO,A,126,,55.449,-20.995,-38.105,1.0,31.51,,
ATOM,699,CD,,PRO,A,126,,56.466,-21.317,-39.149,1.0,26.5,,
ATOM,700,N,,ILE,A,127,,53.683,-22.991,-40.463,1.0,29.26,,
ATOM,701,CA,,ILE,A,127,,52.43,-23.091,-41.213,1.0,31.96,,
ATOM,702,C,,ILE,A,127,,52.595,-24.084,-42.37,1.0,37.44,,
ATOM,703,O,,ILE,A,127,,53.386,-23.842,-43.29,1.0,38.44,,
ATOM,704,CB,,ILE,A,127,,51.867,-21.719,-41.69,1.0,36.26,,
ATOM,705,CG1,,ILE,A,127,,51.647,-20.75,-40.488,1.0,35.83,,
ATOM,706,CG2,,ILE,A,127,,50.555,-21.923,-42.478,1.0,39.01,,
ATOM,707,CD1,,ILE,A,127,,51.401,-19.285,-40.914,1.0,37.15,,
ATOM,708,N,,VAL,A,128,,51.843,-25.195,-42.331,1.0,35.57,,
ATOM,709,CA,,VAL,A,128,,51.923,-26.212,-43.384,1.0,37.59,,
ATOM,710,C,,VAL,A,128,,50.806,-25.984,-44.401,1.0,44.06,,
ATOM,711,O,,VAL,A,128,,49.64,-25.909,-44.027,1.0,44.91,,
ATOM,712,CB,,VAL,A,128,,51.985,-27.661,-42.833,1.0,42.27,,
ATOM,713,CG1,,VAL,A,128,,52.02,-28.685,-43.971,1.0,43.37,,
ATOM,714,CG2,,VAL,A,128,,53.213,-27.829,-41.936,1.0,40.76,,
ATOM,715,N,,HIS,A,129,,51.179,-25.827,-45.678,1.0,42.49,,
ATOM,716,CA,,HIS,A,129,,50.249,-25.536,-46.764,1.0,59.1,,
ATOM,717,C,,HIS,A,129,,49.985,-26.762,-47.628,1.0,101.1,,
ATOM,718,O,,HIS,A,129,,48.838,-27.191,-47.739,1.0,78.48,,
ATOM,719,CB,,HIS,A,129,,50.789,-24.37,-47.61,1.0,59.43,,
ATOM,720,CG,,HIS,A,129,,50.963,-23.089,-46.848,1.0,61.44,,
ATOM,721,CD2,,HIS,A,129,,52.084,-22.538,-46.321,1.0,61.24,,
ATOM,722,ND1,,HIS,A,129,,49.9,-22.227,-46.634,1.0,64.02,,
ATOM,723,CE1,,HIS,A,129,,50.401,-21.194,-45.975,1.0,62.45,,
ATOM,724,NE2,,HIS,A,129,,51.71,-21.335,-45.76,1.0,61.07,,
ATOM,725,N,,ASN,B,36,,62.117,-46.541,-41.915,1.0,74.54,,
ATOM,726,CA,,ASN,B,36,,61.351,-45.476,-42.558,1.0,73.4,,
ATOM,727,C,,ASN,B,36,,61.616,-44.105,-41.887,1.0,74.47,,
ATOM,728,O,,ASN,B,36,,61.385,-43.956,-40.676,1.0,73.7,,
ATOM,729,CB,,ASN,B,36,,59.852,-45.818,-42.584,1.0,77.15,,
ATOM,730,CG,,ASN,B,36,,58.987,-44.876,-43.4,1.0,103.6,,
ATOM,731,ND2,,ASN,B,36,,57.798,-44.595,-42.884,1.0,98.66,,
ATOM,732,OD1,,ASN,B,36,,59.337,-44.444,-44.512,1.0,92.99,,
ATOM,733,N,,PRO,B,37,,62.117,-43.106,-42.659,1.0,68.52,,
ATOM,734,CA,,PRO,B,37,,62.442,-41.793,-42.065,1.0,66.09,,
ATOM,735,C,,PRO,B,37,,61.244,-40.902,-41.71,1.0,66.41,,
ATOM,736,O,,PRO,B,37,,61.43,-39.91,-40.999,1.0,64.26,,
ATOM,737,CB,,PRO,B,37,,63.353,-41.137,-43.118,1.0,67.44,,
ATOM,738,CG,,PRO,B,37,,63.64,-42.214,-44.15,1.0,73.29,,
ATOM,739,CD,,PRO,B,37,,62.468,-43.132,-44.09,1.0,70.11,,
ATOM,740,N,,LYS,B,38,,60.027,-41.256,-42.191,1.0,62.13,,
ATOM,741,CA,,LYS,B,38,,58.759,-40.556,-41.926,1.0,60.83,,
ATOM,742,C,,LYS,B,38,,58.389,-40.628,-40.432,1.0,62.78,,
ATOM,743,O,,LYS,B,38,,57.782,-39.696,-39.889,1.0,61.69,,
ATOM,744,CB,,LYS,B,38,,57.62,-41.178,-42.762,1.0,64.1,,
ATOM,745,CG,,LYS,B,38,,57.493,-40.619,-44.172,1.0,73.43,,
ATOM,746,CD,,LYS,B,38,,56.139,-40.971,-44.784,1.0,82.57,,
ATOM,747,CE,,LYS,B,38,,56.009,-40.499,-46.212,1.0,90.64,,
ATOM,748,NZ,,LYS,B,38,,54.771,-41.02,-46.851,1.0,99.26,,
ATOM,749,N,,ARG,B,39,,58.752,-41.758,-39.793,1.0,57.67,,
ATOM,750,CA,,ARG,B,39,,58.519,-42.09,-38.385,1.0,56.81,,
ATOM,751,C,,ARG,B,39,,59.569,-41.469,-37.454,1.0,55.4,,
ATOM,752,O,,ARG,B,39,,59.323,-41.36,-36.251,1.0,54.95,,
ATOM,753,CB,,ARG,B,39,,58.476,-43.622,-38.188,1.0,59.4,,
ATOM,754,CG,,ARG,B,39,,57.323,-44.326,-38.902,1.0,74.13,,
ATOM,755,CD,,ARG,B,39,,57.545,-45.829,-38.983,1.0,91.15,,
ATOM,756,NE,,ARG,B,39,,57.157,-46.524,-37.751,1.0,101.5,,
ATOM,757,CZ,,ARG,B,39,,56.108,-47.336,-37.64,1.0,117.2,,
ATOM,758,NH1,,ARG,B,39,,55.833,-47.919,-36.481,1.0,103.4,,
ATOM,759,NH2,,ARG,B,39,,55.331,-47.577,-38.691,1.0,105.1,,
ATOM,760,N,,SER,B,40,,60.737,-41.091,-38.0,1.0,49.21,,
ATOM,761,CA,,SER,B,40,,61.836,-40.48,-37.24,1.0,47.57,,
ATOM,762,C,,SER,B,40,,61.796,-38.948,-37.317,1.0,45.01,,
ATOM,763,O,,SER,B,40,,62.102,-38.289,-36.332,1.0,44.55,,
ATOM,764,CB,,SER,B,40,,63.185,-40.995,-37.742,1.0,53.62,,
ATOM,765,OG,,SER,B,40,,63.381,-42.352,-37.374,1.0,67.14,,
ATOM,766,N,,SER,B,41,,61.407,-38.391,-38.477,1.0,37.39,,
ATOM,767,CA,,SER,B,41,,61.353,-36.944,-38.702,1.0,35.07,,
ATOM,768,C,,SER,B,41,,60.285,-36.543,-39.719,1.0,36.87,,
ATOM,769,O,,SER,B,41,,60.062,-37.239,-40.717,1.0,37.37,,
ATOM,770,CB,,SER,B,41,,62.722,-36.413,-39.132,1.0,36.19,,
ATOM,771,OG,,SER,B,41,,62.648,-35.046,-39.499,1.0,41.4,,
ATOM,772,N,,ASP,B,42,,59.663,-35.385,-39.485,1.0,29.94,,
ATOM,773,CA,,ASP,B,42,,58.625,-34.87,-40.371,1.0,28.18,,
ATOM,774,C,,ASP,B,42,,59.018,-33.566,-41.08,1.0,29.06,,
ATOM,775,O,,ASP,B,42,,58.151,-32.861,-41.593,1.0,28.61,,
ATOM,776,CB,,ASP,B,42,,57.28,-34.744,-39.65,1.0,28.9,,
ATOM,777,CG,,ASP,B,42,,57.215,-33.68,-38.558,1.0,27.86,,
ATOM,778,OD1,,ASP,B,42,,58.25,-32.996,-38.31,1.0,26.44,,
ATOM,779,OD2,,ASP,B,42,,56.146,-33.532,-37.959,1.0,28.42,,
ATOM,780,N,,TYR,B,43,,60.321,-33.255,-41.139,1.0,25.42,,
ATOM,781,CA,,TYR,B,43,,60.816,-32.1,-41.896,1.0,26.2,,
ATOM,782,C,,TYR,B,43,,60.41,-32.191,-43.367,1.0,28.47,,
ATOM,783,O,,TYR,B,43,,60.194,-31.162,-43.995,1.0,28.82,,
ATOM,784,CB,,TYR,B,43,,62.334,-31.989,-41.825,1.0,27.76,,
ATOM,785,CG,,TYR,B,43,,62.875,-31.55,-40.483,1.0,28.31,,
ATOM,786,CD1,,TYR,B,43,,62.164,-30.671,-39.672,1.0,29.2,,
ATOM,787,CD2,,TYR,B,43,,64.132,-31.957,-40.054,1.0,29.52,,
ATOM,788,CE1,,TYR,B,43,,62.671,-30.253,-38.448,1.0,28.56,,
ATOM,789,CE2,,TYR,B,43,,64.642,-31.557,-38.828,1.0,29.83,,
ATOM,790,CZ,,TYR,B,43,,63.907,-30.709,-38.023,1.0,34.37,,
ATOM,791,OH,,TYR,B,43,,64.442,-30.299,-36.828,1.0,35.04,,
ATOM,792,N,,TYR,B,44,,60.256,-33.431,-43.901,1.0,24.63,,
ATOM,793,CA,,TYR,B,44,,59.842,-33.663,-45.292,1.0,24.14,,
ATOM,794,C,,TYR,B,44,,58.508,-32.958,-45.613,1.0,30.04,,
ATOM,795,O,,TYR,B,44,,58.28,-32.531,-46.751,1.0,30.86,,
ATOM,796,CB,,TYR,B,44,,59.774,-35.177,-45.599,1.0,25.62,,
ATOM,797,CG,,TYR,B,44,,58.562,-35.869,-45.034,1.0,31.4,,
ATOM,798,CD1,,TYR,B,44,,58.573,-36.397,-43.743,1.0,33.82,,
ATOM,799,CD2,,TYR,B,44,,57.387,-35.973,-45.773,1.0,33.86,,
ATOM,800,CE1,,TYR,B,44,,57.453,-37.033,-43.213,1.0,32.25,,
ATOM,801,CE2,,TYR,B,44,,56.257,-36.593,-45.248,1.0,36.7,,
ATOM,802,CZ,,TYR,B,44,,56.289,-37.102,-43.957,1.0,40.09,,
ATOM,803,OH,,TYR,B,44,,55.177,-37.714,-43.445,1.0,40.12,,
ATOM,804,N,,ASN,B,45,,57.642,-32.826,-44.617,1.0,26.64,,
ATOM,805,CA,,ASN,B,45,,56.347,-32.19,-44.826,1.0,28.21,,
ATOM,806,C,,ASN,B,45,,56.326,-30.694,-44.449,1.0,31.71,,
ATOM,807,O,,ASN,B,45,,55.474,-29.948,-44.925,1.0,32.05,,
ATOM,808,CB,,ASN,B,45,,55.289,-32.941,-43.997,1.0,33.44,,
ATOM,809,CG,,ASN,B,45,,53.94,-32.97,-44.642,1.0,54.85,,
ATOM,810,ND2,,ASN,B,45,,52.911,-32.656,-43.868,1.0,48.15,,
ATOM,811,OD1,,ASN,B,45,,53.806,-33.269,-45.835,1.0,48.73,,
ATOM,812,N,,ARG,B,46,,57.236,-30.272,-43.579,1.0,25.64,,
ATOM,813,CA,,ARG,B,46,,57.26,-28.91,-43.042,1.0,25.25,,
ATOM,814,C,,ARG,B,46,,58.216,-27.967,-43.747,1.0,27.23,,
ATOM,815,O,,ARG,B,46,,58.151,-26.748,-43.544,1.0,25.65,,
ATOM,816,CB,,ARG,B,46,,57.585,-28.986,-41.551,1.0,22.43,,
ATOM,817,CG,,ARG,B,46,,56.505,-29.721,-40.756,1.0,28.31,,
ATOM,818,CD,,ARG,B,46,,56.961,-30.172,-39.379,1.0,29.94,,
ATOM,819,NE,,ARG,B,46,,57.525,-29.09,-38.557,1.0,27.76,,
ATOM,820,CZ,,ARG,B,46,,58.518,-29.259,-37.693,1.0,38.15,,
ATOM,821,NH1,,ARG,B,46,,59.037,-30.464,-37.499,1.0,22.92,,
ATOM,822,NH2,,ARG,B,46,,58.962,-28.236,-36.972,1.0,26.7,,
ATOM,823,N,,SER,B,47,,59.11,-28.529,-44.566,1.0,24.42,,
ATOM,824,CA,,SER,B,47,,60.107,-27.761,-45.305,1.0,23.61,,
ATOM,825,C,,SER,B,47,,59.467,-26.897,-46.402,1.0,28.37,,
ATOM,826,O,,SER,B,47,,58.458,-27.294,-46.993,1.0,26.75,,
ATOM,827,CB,,SER,B,47,,61.109,-28.717,-45.956,1.0,25.34,,
ATOM,828,OG,,SER,B,47,,62.064,-28.029,-46.74,1.0,26.69,,
ATOM,829,N,,THR,B,48,,60.111,-25.744,-46.721,1.0,25.42,,
ATOM,830,CA,,THR,B,48,,59.731,-24.895,-47.857,1.0,24.62,,
ATOM,831,C,,THR,B,48,,60.117,-25.626,-49.161,1.0,28.42,,
ATOM,832,O,,THR,B,48,,59.652,-25.264,-50.233,1.0,29.14,,
ATOM,833,CB,,THR,B,48,,60.362,-23.488,-47.782,1.0,27.62,,
ATOM,834,CG2,,THR,B,48,,59.944,-22.705,-46.533,1.0,27.94,,
ATOM,835,OG1,,THR,B,48,,61.776,-23.597,-47.904,1.0,29.44,,
ATOM,836,N,,SER,B,49,,60.963,-26.668,-49.067,1.0,24.95,,
ATOM,837,CA,,SER,B,49,,61.335,-27.507,-50.209,1.0,24.85,,
ATOM,838,C,,SER,B,49,,60.95,-28.931,-49.792,1.0,27.13,,
ATOM,839,O,,SER,B,49,,61.83,-29.721,-49.436,1.0,26.33,,
ATOM,840,CB,,SER,B,49,,62.834,-27.374,-50.518,1.0,26.83,,
ATOM,841,OG,,SER,B,49,,63.637,-27.605,-49.376,1.0,29.57,,
ATOM,842,N,,PRO,B,50,,59.616,-29.228,-49.69,1.0,23.84,,
ATOM,843,CA,,PRO,B,50,,59.198,-30.539,-49.174,1.0,25.2,,
ATOM,844,C,,PRO,B,50,,59.573,-31.69,-50.084,1.0,30.97,,
ATOM,845,O,,PRO,B,50,,59.885,-31.476,-51.262,1.0,31.4,,
ATOM,846,CB,,PRO,B,50,,57.687,-30.381,-49.002,1.0,26.65,,
ATOM,847,CG,,PRO,B,50,,57.298,-29.392,-50.022,1.0,30.7,,
ATOM,848,CD,,PRO,B,50,,58.438,-28.429,-50.099,1.0,25.71,,
ATOM,849,N,,TRP,B,51,,59.589,-32.901,-49.526,1.0,30.21,,
ATOM,850,CA,,TRP,B,51,,59.937,-34.081,-50.307,1.0,30.32,,
ATOM,851,C,,TRP,B,51,,59.1,-35.301,-49.935,1.0,33.95,,
ATOM,852,O,,TRP,B,51,,58.398,-35.308,-48.93,1.0,32.26,,
ATOM,853,CB,,TRP,B,51,,61.454,-34.368,-50.231,1.0,28.14,,
ATOM,854,CG,,TRP,B,51,,61.981,-34.715,-48.857,1.0,27.81,,
ATOM,855,CD1,,TRP,B,51,,62.099,-35.967,-48.328,1.0,31.04,,
ATOM,856,CD2,,TRP,B,51,,62.518,-33.817,-47.878,1.0,26.47,,
ATOM,857,CE2,,TRP,B,51,,62.954,-34.599,-46.785,1.0,29.49,,
ATOM,858,CE3,,TRP,B,51,,62.661,-32.418,-47.805,1.0,26.12,,
ATOM,859,NE1,,TRP,B,51,,62.699,-35.909,-47.098,1.0,29.64,,
ATOM,860,CZ2,,TRP,B,51,,63.512,-34.038,-45.633,1.0,27.43,,
ATOM,861,CZ3,,TRP,B,51,,63.223,-31.863,-46.665,1.0,27.53,,
ATOM,862,CH2,,TRP,B,51,,63.634,-32.667,-45.591,1.0,28.02,,
ATOM,863,N,,ASN,B,52,,59.139,-36.305,-50.8,1.0,33.62,,
ATOM,864,CA,,ASN,B,52,,58.502,-37.605,-50.612,1.0,36.11,,
ATOM,865,C,,ASN,B,52,,59.625,-38.59,-50.462,1.0,42.77,,
ATOM,866,O,,ASN,B,52,,60.719,-38.333,-50.963,1.0,41.59,,
ATOM,867,CB,,ASN,B,52,,57.653,-37.983,-51.823,1.0,39.28,,
ATOM,868,CG,,ASN,B,52,,56.544,-37.028,-52.145,1.0,54.68,,
ATOM,869,ND2,,ASN,B,52,,56.28,-36.855,-53.432,1.0,47.03,,
ATOM,870,OD1,,ASN,B,52,,55.898,-36.469,-51.26,1.0,46.64,,
ATOM,871,N,,LEU,B,53,,59.375,-39.705,-49.77,1.0,43.82,,
ATOM,872,CA,,LEU,B,53,,60.38,-40.746,-49.574,1.0,46.45,,
ATOM,873,C,,LEU,B,53,,59.981,-41.99,-50.339,1.0,56.2,,
ATOM,874,O,,LEU,B,53,,58.855,-42.47,-50.2,1.0,57.56,,
ATOM,875,CB,,LEU,B,53,,60.614,-41.045,-48.085,1.0,46.68,,
ATOM,876,CG,,LEU,B,53,,61.24,-39.913,-47.285,1.0,50.09,,
ATOM,877,CD1,,LEU,B,53,,60.91,-40.052,-45.82,1.0,50.92,,
ATOM,878,CD2,,LEU,B,53,,62.754,-39.842,-47.507,1.0,51.18,,
ATOM,879,N,,HIS,B,54,,60.882,-42.474,-51.191,1.0,56.53,,
ATOM,880,CA,,HIS,B,54,,60.617,-43.637,-52.029,1.0,60.26,,
ATOM,881,C,,HIS,B,54,,61.515,-44.817,-51.668,1.0,65.92,,
ATOM,882,O,,HIS,B,54,,62.715,-44.634,-51.439,1.0,63.5,,
ATOM,883,CB,,HIS,B,54,,60.703,-43.244,-53.521,1.0,62.24,,
ATOM,884,CG,,HIS,B,54,,59.637,-42.266,-53.928,1.0,66.16,,
ATOM,885,CD2,,HIS,B,54,,58.33,-42.485,-54.209,1.0,69.76,,
ATOM,886,ND1,,HIS,B,54,,59.888,-40.897,-54.015,1.0,66.78,,
ATOM,887,CE1,,HIS,B,54,,58.74,-40.342,-54.379,1.0,66.61,,
ATOM,888,NE2,,HIS,B,54,,57.771,-41.255,-54.503,1.0,68.64,,
ATOM,889,N,,ARG,B,55,,60.92,-46.024,-51.573,1.0,66.74,,
ATOM,890,CA,,ARG,B,55,,61.677,-47.228,-51.222,1.0,68.64,,
ATOM,891,C,,ARG,B,55,,62.379,-47.836,-52.439,1.0,74.28,,
ATOM,892,O,,ARG,B,55,,61.742,-48.129,-53.451,1.0,74.7,,
ATOM,893,CB,,ARG,B,55,,60.835,-48.265,-50.44,1.0,71.79,,
ATOM,894,CG,,ARG,B,55,,59.611,-48.837,-51.165,1.0,89.29,,
ATOM,895,CD,,ARG,B,55,,58.82,-49.829,-50.318,1.0,103.3,,
ATOM,896,NE,,ARG,B,55,,59.548,-51.076,-50.067,1.0,108.9,,
ATOM,897,CZ,,ARG,B,55,,60.016,-51.451,-48.879,1.0,117.2,,
ATOM,898,NH1,,ARG,B,55,,59.828,-50.685,-47.812,1.0,96.06,,
ATOM,899,NH2,,ARG,B,55,,60.668,-52.598,-48.748,1.0,105.0,,
ATOM,900,N,,ASN,B,56,,63.709,-47.957,-52.348,1.0,71.65,,
ATOM,901,CA,,ASN,B,56,,64.551,-48.544,-53.387,1.0,72.84,,
ATOM,902,C,,ASN,B,56,,64.912,-49.943,-52.886,1.0,78.92,,
ATOM,903,O,,ASN,B,56,,65.653,-50.079,-51.906,1.0,78.63,,
ATOM,904,CB,,ASN,B,56,,65.8,-47.672,-53.631,1.0,72.33,,
ATOM,905,CG,,ASN,B,56,,66.699,-48.184,-54.724,1.0,87.28,,
ATOM,906,ND2,,ASN,B,56,,66.674,-47.511,-55.857,1.0,78.35,,
ATOM,907,OD1,,ASN,B,56,,67.444,-49.156,-54.555,1.0,80.41,,
ATOM,908,N,,GLU,B,57,,64.323,-50.975,-53.509,1.0,76.94,,
ATOM,909,CA,,GLU,B,57,,64.53,-52.364,-53.107,1.0,78.84,,
ATOM,910,C,,GLU,B,57,,65.546,-53.081,-53.981,1.0,82.28,,
ATOM,911,O,,GLU,B,57,,65.527,-52.939,-55.208,1.0,82.28,,
ATOM,912,CB,,GLU,B,57,,63.198,-53.134,-53.075,1.0,82.08,,
ATOM,913,CG,,GLU,B,57,,63.137,-54.204,-51.996,1.0,96.44,,
ATOM,914,CD,,GLU,B,57,,61.766,-54.823,-51.793,1.0,119.7,,
ATOM,915,OE1,,GLU,B,57,,61.36,-55.667,-52.625,1.0,125.0,,
ATOM,916,OE2,,GLU,B,57,,61.098,-54.465,-50.796,1.0,107.0,,
ATOM,917,N,,ASP,B,58,,66.441,-53.848,-53.331,1.0,77.94,,
ATOM,918,CA,,ASP,B,58,,67.484,-54.649,-53.971,1.0,78.44,,
ATOM,919,C,,ASP,B,58,,67.859,-55.824,-53.049,1.0,81.9,,
ATOM,920,O,,ASP,B,58,,68.461,-55.593,-51.995,1.0,79.82,,
ATOM,921,CB,,ASP,B,58,,68.72,-53.79,-54.305,1.0,78.58,,
ATOM,922,CG,,ASP,B,58,,69.539,-54.284,-55.486,1.0,87.45,,
ATOM,923,OD1,,ASP,B,58,,69.746,-55.52,-55.6,1.0,88.88,,
ATOM,924,OD2,,ASP,B,58,,69.999,-53.435,-56.281,1.0,93.33,,
ATOM,925,N,,PRO,B,59,,67.494,-57.085,-53.403,1.0,79.68,,
ATOM,926,CA,,PRO,B,59,,67.839,-58.224,-52.526,1.0,80.87,,
ATOM,927,C,,PRO,B,59,,69.334,-58.563,-52.524,1.0,83.83,,
ATOM,928,O,,PRO,B,59,,69.844,-59.066,-51.519,1.0,83.96,,
ATOM,929,CB,,PRO,B,59,,66.991,-59.383,-53.077,1.0,85.4,,
ATOM,930,CG,,PRO,B,59,,66.074,-58.777,-54.101,1.0,89.38,,
ATOM,931,CD,,PRO,B,59,,66.759,-57.542,-54.597,1.0,82.68,,
ATOM,932,N,,GLU,B,60,,70.038,-58.254,-53.635,1.0,78.93,,
ATOM,933,CA,,GLU,B,60,,71.477,-58.502,-53.824,1.0,78.99,,
ATOM,934,C,,GLU,B,60,,72.377,-57.406,-53.215,1.0,78.62,,
ATOM,935,O,,GLU,B,60,,73.595,-57.412,-53.423,1.0,78.47,,
ATOM,936,CB,,GLU,B,60,,71.799,-58.724,-55.32,1.0,81.47,,
ATOM,937,CG,,GLU,B,60,,71.167,-59.967,-55.928,1.0,93.58,,
ATOM,938,CD,,GLU,B,60,,71.555,-61.274,-55.267,1.0,115.6,,
ATOM,939,OE1,,GLU,B,60,,72.669,-61.775,-55.543,1.0,119.3,,
ATOM,940,OE2,,GLU,B,60,,70.747,-61.794,-54.464,1.0,104.9,,
ATOM,941,N,,ARG,B,61,,71.774,-56.489,-52.451,1.0,72.38,,
ATOM,942,CA,,ARG,B,61,,72.457,-55.37,-51.801,1.0,69.45,,
ATOM,943,C,,ARG,B,61,,72.101,-55.311,-50.313,1.0,73.54,,
ATOM,944,O,,ARG,B,61,,70.986,-55.671,-49.935,1.0,72.42,,
ATOM,945,CB,,ARG,B,61,,72.083,-54.049,-52.508,1.0,65.11,,
ATOM,946,CG,,ARG,B,61,,72.72,-52.784,-51.907,1.0,70.39,,
ATOM,947,CD,,ARG,B,61,,72.064,-51.497,-52.375,1.0,74.52,,
ATOM,948,NE,,ARG,B,61,,70.681,-51.366,-51.908,1.0,71.96,,
ATOM,949,CZ,,ARG,B,61,,69.74,-50.684,-52.553,1.0,81.71,,
ATOM,950,NH1,,ARG,B,61,,70.025,-50.057,-53.689,1.0,62.02,,
ATOM,951,NH2,,ARG,B,61,,68.509,-50.62,-52.066,1.0,70.58,,
ATOM,952,N,,TYR,B,62,,73.062,-54.882,-49.476,1.0,72.04,,
ATOM,953,CA,,TYR,B,62,,72.861,-54.658,-48.052,1.0,72.49,,
ATOM,954,C,,TYR,B,62,,73.241,-53.207,-47.699,1.0,75.93,,
ATOM,955,O,,TYR,B,62,,74.39,-52.812,-47.935,1.0,76.02,,
ATOM,956,CB,,TYR,B,62,,73.586,-55.677,-47.15,1.0,76.67,,
ATOM,957,CG,,TYR,B,62,,73.295,-55.462,-45.676,1.0,79.13,,
ATOM,958,CD1,,TYR,B,62,,72.14,-55.975,-45.09,1.0,82.18,,
ATOM,959,CD2,,TYR,B,62,,74.15,-54.703,-44.878,1.0,78.77,,
ATOM,960,CE1,,TYR,B,62,,71.853,-55.756,-43.742,1.0,82.73,,
ATOM,961,CE2,,TYR,B,62,,73.871,-54.473,-43.531,1.0,79.02,,
ATOM,962,CZ,,TYR,B,62,,72.726,-55.009,-42.966,1.0,88.97,,
ATOM,963,OH,,TYR,B,62,,72.458,-54.789,-41.638,1.0,92.48,,
ATOM,964,N,,PRO,B,63,,72.308,-52.404,-47.127,1.0,70.56,,
ATOM,965,CA,,PRO,B,63,,70.9,-52.725,-46.8,1.0,70.66,,
ATOM,966,C,,PRO,B,63,,70.037,-52.939,-48.04,1.0,76.21,,
ATOM,967,O,,PRO,B,63,,70.254,-52.28,-49.065,1.0,74.83,,
ATOM,968,CB,,PRO,B,63,,70.444,-51.513,-45.973,1.0,69.5,,
ATOM,969,CG,,PRO,B,63,,71.294,-50.397,-46.453,1.0,72.41,,
ATOM,970,CD,,PRO,B,63,,72.636,-51.017,-46.753,1.0,69.35,,
ATOM,971,N,,SER,B,64,,69.089,-53.895,-47.949,1.0,75.14,,
ATOM,972,CA,,SER,B,64,,68.169,-54.266,-49.03,1.0,76.07,,
ATOM,973,C,,SER,B,64,,67.227,-53.128,-49.429,1.0,78.55,,
ATOM,974,O,,SER,B,64,,66.971,-52.931,-50.619,1.0,78.37,,
ATOM,975,CB,,SER,B,64,,67.377,-55.517,-48.658,1.0,81.75,,
ATOM,976,OG,,SER,B,64,,68.235,-56.586,-48.291,1.0,89.62,,
ATOM,977,N,,VAL,B,65,,66.741,-52.369,-48.429,1.0,73.92,,
ATOM,978,CA,,VAL,B,65,,65.848,-51.229,-48.625,1.0,71.68,,
ATOM,979,C,,VAL,B,65,,66.564,-49.921,-48.272,1.0,70.11,,
ATOM,980,O,,VAL,B,65,,67.147,-49.792,-47.193,1.0,68.37,,
ATOM,981,CB,,VAL,B,65,,64.455,-51.394,-47.926,1.0,76.37,,
ATOM,982,CG1,,VAL,B,65,,64.58,-51.616,-46.418,1.0,76.43,,
ATOM,983,CG2,,VAL,B,65,,63.511,-50.227,-48.239,1.0,74.41,,
ATOM,984,N,,ILE,B,66,,66.557,-48.976,-49.225,1.0,64.47,,
ATOM,985,CA,,ILE,B,66,,67.122,-47.635,-49.058,1.0,61.2,,
ATOM,986,C,,ILE,B,66,,66.023,-46.622,-49.386,1.0,62.12,,
ATOM,987,O,,ILE,B,66,,65.427,-46.689,-50.459,1.0,61.76,,
ATOM,988,CB,,ILE,B,66,,68.452,-47.415,-49.853,1.0,64.1,,
ATOM,989,CG1,,ILE,B,66,,69.61,-48.23,-49.218,1.0,65.45,,
ATOM,990,CG2,,ILE,B,66,,68.807,-45.912,-49.946,1.0,62.71,,
ATOM,991,CD1,,ILE,B,66,,70.869,-48.375,-50.044,1.0,73.4,,
ATOM,992,N,,TRP,B,67,,65.725,-45.727,-48.437,1.0,56.91,,
ATOM,993,CA,,TRP,B,67,,64.714,-44.697,-48.619,1.0,55.77,,
ATOM,994,C,,TRP,B,67,,65.352,-43.472,-49.243,1.0,54.81,,
ATOM,995,O,,TRP,B,67,,66.335,-42.953,-48.706,1.0,53.93,,
ATOM,996,CB,,TRP,B,67,,64.043,-44.351,-47.287,1.0,54.74,,
ATOM,997,CG,,TRP,B,67,,63.175,-45.454,-46.791,1.0,57.89,,
ATOM,998,CD1,,TRP,B,67,,63.528,-46.443,-45.923,1.0,61.9,,
ATOM,999,CD2,,TRP,B,67,,61.829,-45.727,-47.193,1.0,58.97,,
ATOM,1000,CE2,,TRP,B,67,,61.417,-46.888,-46.504,1.0,64.85,,
ATOM,1001,CE3,,TRP,B,67,,60.916,-45.088,-48.052,1.0,60.36,,
ATOM,1002,NE1,,TRP,B,67,,62.473,-47.299,-45.729,1.0,63.26,,
ATOM,1003,CZ2,,TRP,B,67,,60.137,-47.432,-46.654,1.0,65.71,,
ATOM,1004,CZ3,,TRP,B,67,,59.65,-45.631,-48.205,1.0,63.52,,
ATOM,1005,CH2,,TRP,B,67,,59.27,-46.787,-47.51,1.0,65.7,,
ATOM,1006,N,,GLU,B,68,,64.833,-43.041,-50.401,1.0,47.84,,
ATOM,1007,CA,,GLU,B,68,,65.384,-41.88,-51.091,1.0,44.94,,
ATOM,1008,C,,GLU,B,68,,64.403,-40.742,-51.199,1.0,44.22,,
ATOM,1009,O,,GLU,B,68,,63.238,-40.953,-51.538,1.0,44.35,,
ATOM,1010,CB,,GLU,B,68,,65.986,-42.236,-52.456,1.0,46.94,,
ATOM,1011,CG,,GLU,B,68,,67.46,-42.569,-52.338,1.0,57.19,,
ATOM,1012,CD,,GLU,B,68,,68.282,-42.368,-53.596,1.0,86.29,,
ATOM,1013,OE1,,GLU,B,68,,68.539,-41.198,-53.972,1.0,54.17,,
ATOM,1014,OE2,,GLU,B,68,,68.708,-43.395,-54.179,1.0,95.11,,
ATOM,1015,N,,ALA,B,69,,64.892,-39.529,-50.919,1.0,35.23,,
ATOM,1016,CA,,ALA,B,69,,64.094,-38.318,-50.991,1.0,32.7,,
ATOM,1017,C,,ALA,B,69,,63.933,-37.861,-52.428,1.0,39.63,,
ATOM,1018,O,,ALA,B,69,,64.887,-37.87,-53.201,1.0,40.67,,
ATOM,1019,CB,,ALA,B,69,,64.741,-37.221,-50.169,1.0,30.94,,
ATOM,1020,N,,LYS,B,70,,62.719,-37.471,-52.787,1.0,37.42,,
ATOM,1021,CA,,LYS,B,70,,62.395,-36.927,-54.104,1.0,37.76,,
ATOM,1022,C,,LYS,B,70,,61.633,-35.633,-53.846,1.0,40.79,,
ATOM,1023,O,,LYS,B,70,,60.574,-35.664,-53.209,1.0,39.57,,
ATOM,1024,CB,,LYS,B,70,,61.578,-37.927,-54.945,1.0,41.76,,
ATOM,1025,CG,,LYS,B,70,,62.448,-39.066,-55.49,1.0,62.1,,
ATOM,1026,CD,,LYS,B,70,,61.829,-39.8,-56.675,1.0,77.34,,
ATOM,1027,CE,,LYS,B,70,,62.745,-40.879,-57.212,1.0,86.6,,
ATOM,1028,NZ,,LYS,B,70,,62.071,-41.718,-58.241,1.0,95.85,,
ATOM,1029,N,,CYS,B,71,,62.216,-34.491,-54.268,1.0,35.96,,
ATOM,1030,CA,,CYS,B,71,,61.619,-33.157,-54.102,1.0,34.77,,
ATOM,1031,C,,CYS,B,71,,60.232,-33.148,-54.705,1.0,36.54,,
ATOM,1032,O,,CYS,B,71,,60.029,-33.683,-55.791,1.0,34.82,,
ATOM,1033,CB,,CYS,B,71,,62.508,-32.068,-54.693,1.0,35.11,,
ATOM,1034,SG,,CYS,B,71,,64.215,-32.072,-54.061,1.0,39.07,,
ATOM,1035,N,,ARG,B,72,,59.269,-32.613,-53.96,1.0,32.73,,
ATOM,1036,CA,,ARG,B,72,,57.867,-32.599,-54.37,1.0,32.68,,
ATOM,1037,C,,ARG,B,72,,57.612,-31.607,-55.502,1.0,35.2,,
ATOM,1038,O,,ARG,B,72,,56.744,-31.846,-56.34,1.0,35.25,,
ATOM,1039,CB,,ARG,B,72,,57.018,-32.222,-53.155,1.0,29.97,,
ATOM,1040,CG,,ARG,B,72,,55.812,-33.091,-52.917,1.0,37.13,,
ATOM,1041,CD,,ARG,B,72,,55.125,-32.722,-51.616,1.0,38.95,,
ATOM,1042,NE,,ARG,B,72,,55.552,-33.572,-50.505,1.0,39.27,,
ATOM,1043,CZ,,ARG,B,72,,55.24,-33.358,-49.231,1.0,50.47,,
ATOM,1044,NH1,,ARG,B,72,,54.486,-32.317,-48.888,1.0,33.73,,
ATOM,1045,NH2,,ARG,B,72,,55.669,-34.188,-48.29,1.0,39.01,,
ATOM,1046,N,,HIS,B,73,,58.341,-30.466,-55.49,1.0,29.86,,
ATOM,1047,CA,,HIS,B,73,,58.133,-29.359,-56.432,1.0,29.21,,
ATOM,1048,C,,HIS,B,73,,59.444,-28.908,-57.027,1.0,31.96,,
ATOM,1049,O,,HIS,B,73,,60.504,-29.173,-56.451,1.0,29.72,,
ATOM,1050,CB,,HIS,B,73,,57.497,-28.147,-55.684,1.0,29.5,,
ATOM,1051,CG,,HIS,B,73,,56.268,-28.484,-54.908,1.0,33.12,,
ATOM,1052,CD2,,HIS,B,73,,55.025,-28.789,-55.337,1.0,35.23,,
ATOM,1053,ND1,,HIS,B,73,,56.286,-28.539,-53.52,1.0,34.9,,
ATOM,1054,CE1,,HIS,B,73,,55.06,-28.886,-53.159,1.0,34.25,,
ATOM,1055,NE2,,HIS,B,73,,54.267,-29.036,-54.212,1.0,35.58,,
ATOM,1056,N,,LEU,B,74,,59.369,-28.201,-58.183,1.0,28.23,,
ATOM,1057,CA,,LEU,B,74,,60.524,-27.569,-58.807,1.0,25.88,,
ATOM,1058,C,,LEU,B,74,,60.833,-26.28,-58.012,1.0,28.42,,
ATOM,1059,O,,LEU,B,74,,61.961,-26.086,-57.582,1.0,26.04,,
ATOM,1060,CB,,LEU,B,74,,60.293,-27.298,-60.323,1.0,26.58,,
ATOM,1061,CG,,LEU,B,74,,61.29,-26.316,-60.975,1.0,29.16,,
ATOM,1062,CD1,,LEU,B,74,,62.713,-26.855,-60.937,1.0,29.08,,
ATOM,1063,CD2,,LEU,B,74,,60.887,-25.991,-62.422,1.0,30.1,,
ATOM,1064,N,,GLY,B,75,,59.823,-25.461,-57.745,1.0,26.06,,
ATOM,1065,CA,,GLY,B,75,,59.999,-24.269,-56.922,1.0,23.52,,
ATOM,1066,C,,GLY,B,75,,59.989,-24.587,-55.441,1.0,29.59,,
ATOM,1067,O,,GLY,B,75,,60.009,-25.758,-55.045,1.0,30.88,,
ATOM,1068,N,,CYS,B,76,,59.976,-23.55,-54.604,1.0,24.94,,
ATOM,1069,CA,,CYS,B,76,,59.897,-23.689,-53.137,1.0,25.51,,
ATOM,1070,C,,CYS,B,76,,58.574,-23.065,-52.68,1.0,33.42,,
ATOM,1071,O,,CYS,B,76,,58.066,-22.172,-53.35,1.0,32.66,,
ATOM,1072,CB,,CYS,B,76,,61.083,-23.005,-52.453,1.0,25.91,,
ATOM,1073,SG,,CYS,B,76,,62.727,-23.611,-52.95,1.0,29.79,,
ATOM,1074,N,,ILE,B,77,,58.063,-23.451,-51.505,1.0,31.42,,
ATOM,1075,CA,,ILE,B,77,,56.812,-22.896,-50.979,1.0,34.07,,
ATOM,1076,C,,ILE,B,77,,57.089,-21.56,-50.319,1.0,38.73,,
ATOM,1077,O,,ILE,B,77,,57.904,-21.491,-49.403,1.0,37.03,,
ATOM,1078,CB,,ILE,B,77,,56.062,-23.885,-50.025,1.0,38.44,,
ATOM,1079,CG1,,ILE,B,77,,55.916,-25.305,-50.634,1.0,39.16,,
ATOM,1080,CG2,,ILE,B,77,,54.697,-23.322,-49.57,1.0,41.12,,
ATOM,1081,CD1,,ILE,B,77,,55.379,-25.416,-52.141,1.0,46.41,,
ATOM,1082,N,,ASN,B,78,,56.418,-20.497,-50.787,1.0,37.01,,
ATOM,1083,CA,,ASN,B,78,,56.607,-19.164,-50.226,1.0,37.74,,
ATOM,1084,C,,ASN,B,78,,55.701,-18.912,-49.001,1.0,45.47,,
ATOM,1085,O,,ASN,B,78,,55.007,-19.826,-48.542,1.0,44.87,,
ATOM,1086,CB,,ASN,B,78,,56.474,-18.065,-51.302,1.0,38.88,,
ATOM,1087,CG,,ASN,B,78,,55.115,-17.887,-51.933,1.0,57.97,,
ATOM,1088,ND2,,ASN,B,78,,55.113,-17.259,-53.102,1.0,52.21,,
ATOM,1089,OD1,,ASN,B,78,,54.065,-18.278,-51.395,1.0,49.41,,
ATOM,1090,N,,ALA,B,79,,55.704,-17.662,-48.499,1.0,46.69,,
ATOM,1091,CA,,ALA,B,79,,54.926,-17.203,-47.345,1.0,49.07,,
ATOM,1092,C,,ALA,B,79,,53.405,-17.39,-47.483,1.0,56.52,,
ATOM,1093,O,,ALA,B,79,,52.737,-17.638,-46.48,1.0,57.13,,
ATOM,1094,CB,,ALA,B,79,,55.246,-15.747,-47.06,1.0,50.44,,
ATOM,1095,N,,ASP,B,80,,52.866,-17.279,-48.713,1.0,53.58,,
ATOM,1096,CA,,ASP,B,80,,51.431,-17.399,-48.996,1.0,54.85,,
ATOM,1097,C,,ASP,B,80,,50.966,-18.843,-49.296,1.0,57.84,,
ATOM,1098,O,,ASP,B,80,,49.775,-19.064,-49.551,1.0,59.25,,
ATOM,1099,CB,,ASP,B,80,,51.041,-16.442,-50.144,1.0,58.52,,
ATOM,1100,CG,,ASP,B,80,,51.868,-15.165,-50.206,1.0,73.18,,
ATOM,1101,OD1,,ASP,B,80,,51.714,-14.309,-49.302,1.0,74.8,,
ATOM,1102,OD2,,ASP,B,80,,52.686,-15.033,-51.145,1.0,77.89,,
ATOM,1103,N,,GLY,B,81,,51.898,-19.801,-49.268,1.0,51.18,,
ATOM,1104,CA,,GLY,B,81,,51.62,-21.207,-49.545,1.0,49.11,,
ATOM,1105,C,,GLY,B,81,,51.701,-21.583,-51.009,1.0,51.52,,
ATOM,1106,O,,GLY,B,81,,51.244,-22.665,-51.407,1.0,52.08,,
ATOM,1107,N,,ASN,B,82,,52.272,-20.694,-51.835,1.0,43.87,,
ATOM,1108,CA,,ASN,B,82,,52.359,-20.983,-53.257,1.0,42.34,,
ATOM,1109,C,,ASN,B,82,,53.745,-21.447,-53.631,1.0,39.4,,
ATOM,1110,O,,ASN,B,82,,54.725,-21.008,-53.023,1.0,35.52,,
ATOM,1111,CB,,ASN,B,82,,51.978,-19.745,-54.085,1.0,44.64,,
ATOM,1112,CG,,ASN,B,82,,50.669,-19.104,-53.684,1.0,69.37,,
ATOM,1113,ND2,,ASN,B,82,,50.719,-17.82,-53.336,1.0,59.15,,
ATOM,1114,OD1,,ASN,B,82,,49.609,-19.742,-53.69,1.0,65.1,,
ATOM,1115,N,,VAL,B,83,,53.822,-22.301,-54.665,1.0,37.44,,
ATOM,1116,CA,,VAL,B,83,,55.08,-22.766,-55.255,1.0,36.36,,
ATOM,1117,C,,VAL,B,83,,55.668,-21.518,-55.928,1.0,38.65,,
ATOM,1118,O,,VAL,B,83,,55.014,-20.894,-56.752,1.0,38.31,,
ATOM,1119,CB,,VAL,B,83,,54.921,-23.953,-56.257,1.0,41.51,,
ATOM,1120,CG1,,VAL,B,83,,56.282,-24.444,-56.737,1.0,40.29,,
ATOM,1121,CG2,,VAL,B,83,,54.145,-25.112,-55.636,1.0,42.06,,
ATOM,1122,N,,ASP,B,84,,56.844,-21.104,-55.484,1.0,32.84,,
ATOM,1123,CA,,ASP,B,84,,57.534,-19.922,-55.985,1.0,30.24,,
ATOM,1124,C,,ASP,B,84,,58.721,-20.357,-56.859,1.0,30.71,,
ATOM,1125,O,,ASP,B,84,,59.636,-21.013,-56.37,1.0,29.59,,
ATOM,1126,CB,,ASP,B,84,,57.99,-19.055,-54.787,1.0,31.21,,
ATOM,1127,CG,,ASP,B,84,,58.454,-17.657,-55.159,1.0,38.09,,
ATOM,1128,OD1,,ASP,B,84,,59.05,-17.501,-56.24,1.0,32.73,,
ATOM,1129,OD2,,ASP,B,84,,58.251,-16.726,-54.346,1.0,42.51,,
ATOM,1130,N,,TYR,B,85,,58.722,-19.953,-58.13,1.0,26.01,,
ATOM,1131,CA,,TYR,B,85,,59.753,-20.335,-59.122,1.0,26.66,,
ATOM,1132,C,,TYR,B,85,,60.956,-19.375,-59.214,1.0,31.39,,
ATOM,1133,O,,TYR,B,85,,61.789,-19.541,-60.115,1.0,29.55,,
ATOM,1134,CB,,TYR,B,85,,59.121,-20.579,-60.498,1.0,27.76,,
ATOM,1135,CG,,TYR,B,85,,58.14,-21.732,-60.441,1.0,29.24,,
ATOM,1136,CD1,,TYR,B,85,,58.576,-23.055,-60.533,1.0,31.06,,
ATOM,1137,CD2,,TYR,B,85,,56.781,-21.505,-60.249,1.0,29.3,,
ATOM,1138,CE1,,TYR,B,85,,57.675,-24.123,-60.42,1.0,32.65,,
ATOM,1139,CE2,,TYR,B,85,,55.878,-22.562,-60.131,1.0,29.98,,
ATOM,1140,CZ,,TYR,B,85,,56.326,-23.865,-60.224,1.0,39.59,,
ATOM,1141,OH,,TYR,B,85,,55.417,-24.893,-60.106,1.0,44.18,,
ATOM,1142,N,,HIS,B,86,,61.095,-18.458,-58.234,1.0,27.39,,
ATOM,1143,CA,,HIS,B,86,,62.27,-17.59,-58.062,1.0,27.46,,
ATOM,1144,C,,HIS,B,86,,63.335,-18.383,-57.262,1.0,29.61,,
ATOM,1145,O,,HIS,B,86,,64.421,-17.894,-56.994,1.0,28.29,,
ATOM,1146,CB,,HIS,B,86,,61.913,-16.292,-57.29,1.0,28.13,,
ATOM,1147,CG,,HIS,B,86,,60.908,-15.408,-57.972,1.0,31.68,,
ATOM,1148,CD2,,HIS,B,86,,59.577,-15.284,-57.755,1.0,32.2,,
ATOM,1149,ND1,,HIS,B,86,,61.282,-14.523,-58.96,1.0,33.57,,
ATOM,1150,CE1,,HIS,B,86,,60.17,-13.911,-59.328,1.0,33.38,,
ATOM,1151,NE2,,HIS,B,86,,59.118,-14.339,-58.63,1.0,33.43,,
ATOM,1152,N,,MET,B,87,,62.993,-19.578,-56.827,1.0,27.39,,
ATOM,1153,CA,,MET,B,87,,63.872,-20.476,-56.096,1.0,29.46,,
ATOM,1154,C,,MET,B,87,,63.573,-21.897,-56.536,1.0,30.36,,
ATOM,1155,O,,MET,B,87,,62.537,-22.131,-57.153,1.0,30.34,,
ATOM,1156,CB,,MET,B,87,,63.681,-20.318,-54.572,1.0,34.5,,
ATOM,1157,CG,,MET,B,87,,62.257,-20.071,-54.169,1.0,42.99,,
ATOM,1158,SD,,MET,B,87,,62.167,-18.946,-52.779,1.0,51.87,,
ATOM,1159,CE,,MET,B,87,,62.081,-17.426,-53.652,1.0,49.82,,
ATOM,1160,N,,ASN,B,88,,64.463,-22.841,-56.232,1.0,25.62,,
ATOM,1161,CA,,ASN,B,88,,64.276,-24.245,-56.599,1.0,23.72,,
ATOM,1162,C,,ASN,B,88,,64.487,-25.16,-55.431,1.0,25.24,,
ATOM,1163,O,,ASN,B,88,,65.381,-24.913,-54.638,1.0,24.08,,
ATOM,1164,CB,,ASN,B,88,,65.267,-24.666,-57.711,1.0,25.11,,
ATOM,1165,CG,,ASN,B,88,,64.947,-24.27,-59.135,1.0,31.75,,
ATOM,1166,ND2,,ASN,B,88,,63.889,-23.488,-59.387,1.0,29.6,,
ATOM,1167,OD1,,ASN,B,88,,65.655,-24.672,-60.037,1.0,30.29,,
ATOM,1168,N,,SER,B,89,,63.697,-26.256,-55.354,1.0,22.2,,
ATOM,1169,CA,,SER,B,89,,63.909,-27.338,-54.389,1.0,22.15,,
ATOM,1170,C,,SER,B,89,,64.935,-28.247,-55.063,1.0,27.02,,
ATOM,1171,O,,SER,B,89,,64.79,-28.581,-56.249,1.0,25.47,,
ATOM,1172,CB,,SER,B,89,,62.619,-28.126,-54.147,1.0,23.61,,
ATOM,1173,OG,,SER,B,89,,61.634,-27.308,-53.531,1.0,28.96,,
ATOM,1174,N,,VAL,B,90,,66.011,-28.575,-54.346,1.0,26.01,,
ATOM,1175,CA,,VAL,B,90,,67.108,-29.404,-54.841,1.0,26.26,,
ATOM,1176,C,,VAL,B,90,,67.416,-30.516,-53.829,1.0,32.39,,
ATOM,1177,O,,VAL,B,90,,67.391,-30.249,-52.625,1.0,29.38,,
ATOM,1178,CB,,VAL,B,90,,68.387,-28.611,-55.218,1.0,29.41,,
ATOM,1179,CG1,,VAL,B,90,,68.142,-27.671,-56.4,1.0,29.69,,
ATOM,1180,CG2,,VAL,B,90,,68.959,-27.86,-54.034,1.0,28.29,,
ATOM,1181,N,,PRO,B,91,,67.717,-31.76,-54.28,1.0,31.44,,
ATOM,1182,CA,,PRO,B,91,,68.032,-32.809,-53.298,1.0,31.73,,
ATOM,1183,C,,PRO,B,91,,69.443,-32.679,-52.728,1.0,38.17,,
ATOM,1184,O,,PRO,B,91,,70.364,-32.268,-53.423,1.0,40.02,,
ATOM,1185,CB,,PRO,B,91,,67.857,-34.111,-54.084,1.0,33.9,,
ATOM,1186,CG,,PRO,B,91,,68.102,-33.727,-55.509,1.0,37.68,,
ATOM,1187,CD,,PRO,B,91,,67.801,-32.267,-55.673,1.0,32.49,,
ATOM,1188,N,,ILE,B,92,,69.595,-32.989,-51.443,1.0,36.07,,
ATOM,1189,CA,,ILE,B,92,,70.899,-33.035,-50.807,1.0,38.45,,
ATOM,1190,C,,ILE,B,92,,71.303,-34.507,-50.858,1.0,43.06,,
ATOM,1191,O,,ILE,B,92,,70.589,-35.369,-50.352,1.0,40.57,,
ATOM,1192,CB,,ILE,B,92,,70.941,-32.465,-49.378,1.0,42.19,,
ATOM,1193,CG1,,ILE,B,92,,70.369,-31.029,-49.33,1.0,42.87,,
ATOM,1194,CG2,,ILE,B,92,,72.389,-32.524,-48.84,1.0,43.52,,
ATOM,1195,CD1,,ILE,B,92,,69.885,-30.644,-47.996,1.0,52.05,,
ATOM,1196,N,,GLN,B,93,,72.403,-34.785,-51.544,1.0,44.09,,
ATOM,1197,CA,,GLN,B,93,,72.893,-36.146,-51.747,1.0,45.19,,
ATOM,1198,C,,GLN,B,93,,74.109,-36.45,-50.884,1.0,51.86,,
ATOM,1199,O,,GLN,B,93,,74.839,-35.538,-50.504,1.0,53.2,,
ATOM,1200,CB,,GLN,B,93,,73.139,-36.414,-53.232,1.0,46.23,,
ATOM,1201,CG,,GLN,B,93,,71.867,-36.269,-54.072,1.0,51.95,,
ATOM,1202,CD,,GLN,B,93,,72.079,-36.468,-55.549,1.0,74.96,,
ATOM,1203,NE2,,GLN,B,93,,71.435,-37.49,-56.104,1.0,68.85,,
ATOM,1204,OE1,,GLN,B,93,,72.774,-35.692,-56.217,1.0,72.06,,
ATOM,1205,N,,GLN,B,94,,74.285,-37.717,-50.507,1.0,48.51,,
ATOM,1206,CA,,GLN,B,94,,75.423,-38.159,-49.704,1.0,48.64,,
ATOM,1207,C,,GLN,B,94,,76.01,-39.427,-50.325,1.0,53.13,,
ATOM,1208,O,,GLN,B,94,,75.264,-40.351,-50.65,1.0,50.95,,
ATOM,1209,CB,,GLN,B,94,,75.017,-38.397,-48.234,1.0,49.92,,
ATOM,1210,CG,,GLN,B,94,,76.115,-39.043,-47.371,1.0,65.33,,
ATOM,1211,CD,,GLN,B,94,,76.995,-38.05,-46.656,1.0,81.35,,
ATOM,1212,NE2,,GLN,B,94,,76.929,-38.059,-45.328,1.0,67.84,,
ATOM,1213,OE1,,GLN,B,94,,77.774,-37.308,-47.27,1.0,76.45,,
ATOM,1214,N,,GLU,B,95,,77.346,-39.45,-50.5,1.0,52.28,,
ATOM,1215,CA,,GLU,B,95,,78.073,-40.615,-51.02,1.0,54.77,,
ATOM,1216,C,,GLU,B,95,,78.179,-41.597,-49.87,1.0,59.52,,
ATOM,1217,O,,GLU,B,95,,78.676,-41.239,-48.8,1.0,58.81,,
ATOM,1218,CB,,GLU,B,95,,79.473,-40.244,-51.545,1.0,57.24,,
ATOM,1219,CG,,GLU,B,95,,79.493,-39.895,-53.022,1.0,70.09,,
ATOM,1220,CD,,GLU,B,95,,80.851,-39.608,-53.63,1.0,95.24,,
ATOM,1221,OE1,,GLU,B,95,,80.919,-39.501,-54.875,1.0,98.0,,
ATOM,1222,OE2,,GLU,B,95,,81.851,-39.528,-52.878,1.0,88.79,,
ATOM,1223,N,,ILE,B,96,,77.624,-42.797,-50.062,1.0,56.54,,
ATOM,1224,CA,,ILE,B,96,,77.602,-43.86,-49.054,1.0,56.77,,
ATOM,1225,C,,ILE,B,96,,78.073,-45.177,-49.662,1.0,63.42,,
ATOM,1226,O,,ILE,B,96,,77.763,-45.467,-50.815,1.0,63.13,,
ATOM,1227,CB,,ILE,B,96,,76.205,-44.011,-48.37,1.0,58.57,,
ATOM,1228,CG1,,ILE,B,96,,75.068,-44.238,-49.392,1.0,58.13,,
ATOM,1229,CG2,,ILE,B,96,,75.895,-42.829,-47.445,1.0,57.08,,
ATOM,1230,CD1,,ILE,B,96,,74.18,-45.315,-49.052,1.0,59.26,,
ATOM,1231,N,,LEU,B,97,,78.82,-45.964,-48.884,1.0,62.46,,
ATOM,1232,CA,,LEU,B,97,,79.298,-47.275,-49.291,1.0,65.46,,
ATOM,1233,C,,LEU,B,97,,78.261,-48.309,-48.905,1.0,70.23,,
ATOM,1234,O,,LEU,B,97,,77.633,-48.204,-47.849,1.0,68.06,,
ATOM,1235,CB,,LEU,B,97,,80.678,-47.602,-48.706,1.0,67.34,,
ATOM,1236,CG,,LEU,B,97,,81.87,-46.826,-49.285,1.0,73.05,,
ATOM,1237,CD1,,LEU,B,97,,83.101,-47.031,-48.452,1.0,74.85,,
ATOM,1238,CD2,,LEU,B,97,,82.179,-47.24,-50.714,1.0,77.64,,
ATOM,1239,N,,VAL,B,98,,78.044,-49.271,-49.805,1.0,68.65,,
ATOM,1240,CA,,VAL,B,98,,77.034,-50.307,-49.686,1.0,69.82,,
ATOM,1241,C,,VAL,B,98,,77.629,-51.696,-49.998,1.0,77.95,,
ATOM,1242,O,,VAL,B,98,,78.656,-51.795,-50.685,1.0,78.37,,
ATOM,1243,CB,,VAL,B,98,,75.813,-49.892,-50.56,1.0,72.68,,
ATOM,1244,CG1,,VAL,B,98,,75.807,-50.539,-51.945,1.0,73.85,,
ATOM,1245,CG2,,VAL,B,98,,74.496,-50.094,-49.828,1.0,72.09,,
ATOM,1246,N,,LEU,B,99,,77.014,-52.755,-49.456,1.0,76.44,,
ATOM,1247,CA,,LEU,B,99,,77.492,-54.115,-49.669,1.0,79.74,,
ATOM,1248,C,,LEU,B,99,,76.697,-54.771,-50.798,1.0,85.51,,
ATOM,1249,O,,LEU,B,99,,75.478,-54.628,-50.847,1.0,83.59,,
ATOM,1250,CB,,LEU,B,99,,77.368,-54.91,-48.362,1.0,80.88,,
ATOM,1251,CG,,LEU,B,99,,78.344,-56.064,-48.149,1.0,88.29,,
ATOM,1252,CD1,,LEU,B,99,,79.786,-55.574,-47.994,1.0,88.34,,
ATOM,1253,CD2,,LEU,B,99,,77.956,-56.845,-46.92,1.0,91.57,,
ATOM,1254,N,,ARG,B,100,,77.388,-55.45,-51.725,1.0,85.54,,
ATOM,1255,CA,,ARG,B,100,,76.751,-56.121,-52.862,1.0,87.13,,
ATOM,1256,C,,ARG,B,100,,77.299,-57.512,-53.099,1.0,94.69,,
ATOM,1257,O,,ARG,B,100,,78.492,-57.744,-52.904,1.0,94.2,,
ATOM,1258,CB,,ARG,B,100,,76.896,-55.29,-54.146,1.0,86.47,,
ATOM,1259,CG,,ARG,B,100,,75.772,-54.297,-54.358,1.0,96.07,,
ATOM,1260,CD,,ARG,B,100,,75.541,-54.046,-55.829,1.0,105.3,,
ATOM,1261,NE,,ARG,B,100,,74.667,-55.058,-56.42,1.0,114.7,,
ATOM,1262,CZ,,ARG,B,100,,73.357,-54.909,-56.57,1.0,129.2,,
ATOM,1263,NH1,,ARG,B,100,,72.758,-53.791,-56.176,1.0,114.6,,
ATOM,1264,NH2,,ARG,B,100,,72.633,-55.876,-57.118,1.0,118.3,,
ATOM,1265,N,,ARG,B,101,,76.429,-58.43,-53.556,1.0,95.37,,
ATOM,1266,CA,,ARG,B,101,,76.813,-59.802,-53.9,1.0,99.63,,
ATOM,1267,C,,ARG,B,101,,77.29,-59.797,-55.357,1.0,107.4,,
ATOM,1268,O,,ARG,B,101,,76.476,-59.638,-56.274,1.0,106.4,,
ATOM,1269,CB,,ARG,B,101,,75.633,-60.778,-53.718,1.0,100.2,,
ATOM,1270,CG,,ARG,B,101,,75.281,-61.08,-52.272,1.0,105.8,,
ATOM,1271,CD,,ARG,B,101,,74.219,-62.157,-52.17,1.0,108.1,,
ATOM,1272,NE,,ARG,B,101,,73.439,-62.05,-50.934,1.0,108.6,,
ATOM,1273,CZ,,ARG,B,101,,72.194,-62.494,-50.789,1.0,121.5,,
ATOM,1274,NH1,,ARG,B,101,,71.571,-63.088,-51.799,1.0,113.7,,
ATOM,1275,NH2,,ARG,B,101,,71.558,-62.339,-49.637,1.0,103.2,,
ATOM,1276,N,,GLU,B,102,,78.613,-59.894,-55.563,1.0,108.0,,
ATOM,1277,CA,,GLU,B,102,,79.229,-59.897,-56.896,1.0,110.4,,
ATOM,1278,C,,GLU,B,102,,80.149,-61.116,-57.051,1.0,120.5,,
ATOM,1279,O,,GLU,B,102,,81.04,-61.269,-56.215,1.0,120.8,,
ATOM,1280,CB,,GLU,B,102,,80.0,-58.59,-57.168,1.0,109.6,,
ATOM,1281,CG,,GLU,B,102,,79.123,-57.364,-57.395,1.0,118.3,,
ATOM,1282,CD,,GLU,B,102,,78.373,-57.291,-58.71,1.0,141.9,,
ATOM,1283,OE1,,GLU,B,102,,78.959,-57.629,-59.765,1.0,140.4,,
ATOM,1284,OE2,,GLU,B,102,,77.198,-56.86,-58.685,1.0,133.5,,
ATOM,1285,N,,PRO,B,103,,79.967,-62.017,-58.058,1.0,121.4,,
ATOM,1286,CA,,PRO,B,103,,78.973,-62.011,-59.158,1.0,121.7,,
ATOM,1287,C,,PRO,B,103,,77.501,-62.059,-58.71,1.0,126.4,,
ATOM,1288,O,,PRO,B,103,,77.228,-62.616,-57.64,1.0,126.7,,
ATOM,1289,CB,,PRO,B,103,,79.346,-63.264,-59.969,1.0,127.2,,
ATOM,1290,CG,,PRO,B,103,,80.771,-63.546,-59.624,1.0,132.9,,
ATOM,1291,CD,,PRO,B,103,,80.872,-63.176,-58.179,1.0,126.6,,
ATOM,1292,N,,PRO,B,104,,76.544,-61.482,-59.497,1.0,122.4,,
ATOM,1293,CA,,PRO,B,104,,75.129,-61.487,-59.07,1.0,125.0,,
ATOM,1294,C,,PRO,B,104,,74.481,-62.869,-59.046,1.0,155.0,,
ATOM,1295,O,,PRO,B,104,,74.689,-63.671,-59.949,1.0,121.1,,
ATOM,1296,CB,,PRO,B,104,,74.441,-60.559,-60.084,1.0,124.6,,
ATOM,1297,CG,,PRO,B,104,,75.547,-59.82,-60.773,1.0,126.9,,
ATOM,1298,CD,,PRO,B,104,,76.703,-60.763,-60.778,1.0,124.4,,
ATOM,1299,N,,ASN,B,108,,79.929,-66.408,-51.312,1.0,113.4,,
ATOM,1300,CA,,ASN,B,108,,81.29,-66.365,-50.777,1.0,114.9,,
ATOM,1301,C,,ASN,B,108,,81.918,-64.964,-50.789,1.0,116.1,,
ATOM,1302,O,,ASN,B,108,,82.544,-64.57,-49.803,1.0,115.9,,
ATOM,1303,CB,,ASN,B,108,,82.196,-67.387,-51.488,1.0,119.8,,
ATOM,1304,CG,,ASN,B,108,,82.255,-67.261,-52.996,1.0,141.3,,
ATOM,1305,ND2,,ASN,B,108,,81.708,-68.238,-53.714,1.0,132.7,,
ATOM,1306,OD1,,ASN,B,108,,82.799,-66.294,-53.537,1.0,135.0,,
ATOM,1307,N,,SER,B,109,,81.766,-64.228,-51.905,1.0,110.0,,
ATOM,1308,CA,,SER,B,109,,82.341,-62.897,-52.081,1.0,106.5,,
ATOM,1309,C,,SER,B,109,,81.319,-61.756,-52.066,1.0,105.7,,
ATOM,1310,O,,SER,B,109,,80.181,-61.887,-52.552,1.0,105.3,,
ATOM,1311,CB,,SER,B,109,,83.171,-62.834,-53.362,1.0,111.4,,
ATOM,1312,OG,,SER,B,109,,82.359,-62.997,-54.511,1.0,120.5,,
ATOM,1313,N,,PHE,B,110,,81.78,-60.611,-51.533,1.0,98.48,,
ATOM,1314,CA,,PHE,B,110,,81.038,-59.357,-51.458,1.0,94.32,,
ATOM,1315,C,,PHE,B,110,,81.917,-58.216,-51.945,1.0,93.96,,
ATOM,1316,O,,PHE,B,110,,83.146,-58.272,-51.813,1.0,95.11,,
ATOM,1317,CB,,PHE,B,110,,80.499,-59.09,-50.039,1.0,94.11,,
ATOM,1318,CG,,PHE,B,110,,79.67,-60.226,-49.483,1.0,97.68,,
ATOM,1319,CD1,,PHE,B,110,,78.399,-60.492,-49.983,1.0,101.0,,
ATOM,1320,CD2,,PHE,B,110,,80.167,-61.041,-48.476,1.0,101.5,,
ATOM,1321,CE1,,PHE,B,110,,77.64,-61.555,-49.48,1.0,103.8,,
ATOM,1322,CE2,,PHE,B,110,,79.405,-62.098,-47.968,1.0,106.3,,
ATOM,1323,CZ,,PHE,B,110,,78.146,-62.347,-48.473,1.0,104.5,,
ATOM,1324,N,,ARG,B,111,,81.285,-57.208,-52.553,1.0,85.04,,
ATOM,1325,CA,,ARG,B,111,,81.974,-56.038,-53.075,1.0,81.77,,
ATOM,1326,C,,ARG,B,111,,81.414,-54.781,-52.421,1.0,80.16,,
ATOM,1327,O,,ARG,B,111,,80.197,-54.653,-52.264,1.0,77.9,,
ATOM,1328,CB,,ARG,B,111,,81.811,-55.959,-54.596,1.0,80.78,,
ATOM,1329,CG,,ARG,B,111,,82.486,-57.158,-55.242,1.0,0.0,,
ATOM,1330,CD,,ARG,B,111,,82.249,-57.127,-56.743,1.0,0.0,,
ATOM,1331,NE,,ARG,B,111,,82.926,-55.992,-57.313,1.0,0.0,,
ATOM,1332,CZ,,ARG,B,111,,84.21,-56.083,-57.649,1.0,0.0,,
ATOM,1333,NH1,,ARG,B,111,,84.867,-57.224,-57.458,1.0,0.0,,
ATOM,1334,NH2,,ARG,B,111,,84.836,-55.035,-58.177,1.0,0.0,,
ATOM,1335,N,,LEU,B,112,,82.304,-53.868,-52.018,1.0,74.78,,
ATOM,1336,CA,,LEU,B,112,,81.901,-52.605,-51.412,1.0,71.21,,
ATOM,1337,C,,LEU,B,112,,81.73,-51.59,-52.535,1.0,73.37,,
ATOM,1338,O,,LEU,B,112,,82.694,-51.29,-53.249,1.0,73.72,,
ATOM,1339,CB,,LEU,B,112,,82.937,-52.133,-50.383,1.0,71.03,,
ATOM,1340,CG,,LEU,B,112,,82.408,-51.933,-48.973,1.0,74.39,,
ATOM,1341,CD1,,LEU,B,112,,82.708,-53.133,-48.101,1.0,77.21,,
ATOM,1342,CD2,,LEU,B,112,,83.032,-50.726,-48.348,1.0,75.33,,
ATOM,1343,N,,GLU,B,113,,80.489,-51.12,-52.739,1.0,67.64,,
ATOM,1344,CA,,GLU,B,113,,80.155,-50.164,-53.8,1.0,65.72,,
ATOM,1345,C,,GLU,B,113,,79.716,-48.816,-53.257,1.0,66.93,,
ATOM,1346,O,,GLU,B,113,,78.934,-48.758,-52.313,1.0,64.6,,
ATOM,1347,CB,,GLU,B,113,,79.066,-50.73,-54.719,1.0,67.64,,
ATOM,1348,CG,,GLU,B,113,,78.827,-49.77,-55.873,1.0,0.0,,
ATOM,1349,CD,,GLU,B,113,,77.77,-50.347,-56.802,1.0,0.0,,
ATOM,1350,OE1,,GLU,B,113,,77.916,-51.472,-57.276,1.0,0.0,,
ATOM,1351,OE2,,GLU,B,113,,76.77,-49.687,-57.079,1.0,0.0,,
ATOM,1352,N,,LYS,B,114,,80.187,-47.736,-53.893,1.0,63.67,,
ATOM,1353,CA,,LYS,B,114,,79.833,-46.363,-53.546,1.0,61.98,,
ATOM,1354,C,,LYS,B,114,,78.564,-45.977,-54.309,1.0,65.76,,
ATOM,1355,O,,LYS,B,114,,78.514,-46.114,-55.539,1.0,66.55,,
ATOM,1356,CB,,LYS,B,114,,80.99,-45.413,-53.914,1.0,64.56,,
ATOM,1357,CG,,LYS,B,114,,80.919,-44.034,-53.256,1.0,77.34,,
ATOM,1358,CD,,LYS,B,114,,81.616,-42.959,-54.098,1.0,86.6,,
ATOM,1359,CE,,LYS,B,114,,83.135,-42.984,-54.056,1.0,99.11,,
ATOM,1360,NZ,,LYS,B,114,,83.732,-41.718,-54.551,1.0,109.7,,
ATOM,1361,N,,ILE,B,115,,77.543,-45.492,-53.582,1.0,60.16,,
ATOM,1362,CA,,ILE,B,115,,76.275,-45.033,-54.152,1.0,58.07,,
ATOM,1363,C,,ILE,B,115,,75.906,-43.674,-53.575,1.0,58.54,,
ATOM,1364,O,,ILE,B,115,,76.278,-43.341,-52.45,1.0,56.91,,
ATOM,1365,CB,,ILE,B,115,,75.101,-46.062,-54.087,1.0,62.08,,
ATOM,1366,CG1,,ILE,B,115,,74.703,-46.416,-52.636,1.0,62.43,,
ATOM,1367,CG2,,ILE,B,115,,75.382,-47.316,-54.924,1.0,65.12,,
ATOM,1368,CD1,,ILE,B,115,,73.248,-46.835,-52.479,1.0,68.84,,
ATOM,1369,N,,LEU,B,116,,75.204,-42.88,-54.371,1.0,53.53,,
ATOM,1370,CA,,LEU,B,116,,74.77,-41.535,-54.012,1.0,51.43,,
ATOM,1371,C,,LEU,B,116,,73.296,-41.628,-53.636,1.0,52.88,,
ATOM,1372,O,,LEU,B,116,,72.525,-42.23,-54.382,1.0,53.19,,
ATOM,1373,CB,,LEU,B,116,,74.996,-40.631,-55.238,1.0,51.17,,
ATOM,1374,CG,,LEU,B,116,,75.066,-39.123,-55.059,1.0,54.36,,
ATOM,1375,CD1,,LEU,B,116,,76.156,-38.703,-54.073,1.0,54.77,,
ATOM,1376,CD2,,LEU,B,116,,75.314,-38.455,-56.4,1.0,55.97,,
ATOM,1377,N,,VAL,B,117,,72.921,-41.13,-52.435,1.0,47.03,,
ATOM,1378,CA,,VAL,B,117,,71.524,-41.179,-51.98,1.0,45.96,,
ATOM,1379,C,,VAL,B,117,,71.029,-39.805,-51.616,1.0,46.87,,
ATOM,1380,O,,VAL,B,117,,71.783,-39.034,-51.013,1.0,46.58,,
ATOM,1381,CB,,VAL,B,117,,71.21,-42.222,-50.856,1.0,50.94,,
ATOM,1382,CG1,,VAL,B,117,,71.554,-43.652,-51.292,1.0,53.41,,
ATOM,1383,CG2,,VAL,B,117,,71.897,-41.877,-49.54,1.0,50.07,,
ATOM,1384,N,,SER,B,118,,69.757,-39.501,-51.945,1.0,41.11,,
ATOM,1385,CA,,SER,B,118,,69.127,-38.221,-51.587,1.0,37.91,,
ATOM,1386,C,,SER,B,118,,68.518,-38.376,-50.201,1.0,37.92,,
ATOM,1387,O,,SER,B,118,,67.665,-39.229,-49.99,1.0,35.33,,
ATOM,1388,CB,,SER,B,118,,68.056,-37.826,-52.598,1.0,42.33,,
ATOM,1389,OG,,SER,B,118,,68.608,-37.662,-53.894,1.0,53.96,,
ATOM,1390,N,,VAL,B,119,,68.976,-37.554,-49.264,1.0,35.98,,
ATOM,1391,CA,,VAL,B,119,,68.566,-37.574,-47.849,1.0,37.04,,
ATOM,1392,C,,VAL,B,119,,67.368,-36.627,-47.571,1.0,39.51,,
ATOM,1393,O,,VAL,B,119,,66.558,-36.89,-46.69,1.0,40.85,,
ATOM,1394,CB,,VAL,B,119,,69.798,-37.248,-46.953,1.0,42.49,,
ATOM,1395,CG1,,VAL,B,119,,69.478,-37.391,-45.468,1.0,43.01,,
ATOM,1396,CG2,,VAL,B,119,,71.0,-38.117,-47.327,1.0,43.46,,
ATOM,1397,N,,GLY,B,120,,67.293,-35.538,-48.312,1.0,33.13,,
ATOM,1398,CA,,GLY,B,120,,66.252,-34.524,-48.186,1.0,32.35,,
ATOM,1399,C,,GLY,B,120,,66.432,-33.471,-49.246,1.0,36.25,,
ATOM,1400,O,,GLY,B,120,,67.255,-33.652,-50.151,1.0,36.91,,
ATOM,1401,N,,CYS,B,121,,65.643,-32.386,-49.17,1.0,32.0,,
ATOM,1402,CA,,CYS,B,121,,65.733,-31.27,-50.117,1.0,31.07,,
ATOM,1403,C,,CYS,B,121,,65.98,-29.963,-49.395,1.0,31.1,,
ATOM,1404,O,,CYS,B,121,,65.619,-29.816,-48.225,1.0,28.69,,
ATOM,1405,CB,,CYS,B,121,,64.514,-31.184,-51.041,1.0,32.62,,
ATOM,1406,SG,,CYS,B,121,,64.253,-32.656,-52.06,1.0,38.53,,
ATOM,1407,N,,THR,B,122,,66.622,-29.015,-50.095,1.0,24.99,,
ATOM,1408,CA,,THR,B,122,,66.872,-27.674,-49.569,1.0,22.63,,
ATOM,1409,C,,THR,B,122,,66.39,-26.713,-50.662,1.0,26.35,,
ATOM,1410,O,,THR,B,122,,66.129,-27.146,-51.781,1.0,24.0,,
ATOM,1411,CB,,THR,B,122,,68.335,-27.46,-49.132,1.0,27.41,,
ATOM,1412,CG2,,THR,B,122,,69.325,-27.345,-50.342,1.0,30.22,,
ATOM,1413,OG1,,THR,B,122,,68.373,-26.273,-48.322,1.0,23.55,,
ATOM,1414,N,,CYS,B,123,,66.237,-25.44,-50.326,1.0,24.43,,
ATOM,1415,CA,,CYS,B,123,,65.779,-24.447,-51.283,1.0,24.67,,
ATOM,1416,C,,CYS,B,123,,66.954,-23.595,-51.703,1.0,29.1,,
ATOM,1417,O,,CYS,B,123,,67.615,-23.004,-50.851,1.0,27.93,,
ATOM,1418,CB,,CYS,B,123,,64.684,-23.588,-50.656,1.0,25.09,,
ATOM,1419,SG,,CYS,B,123,,63.949,-22.396,-51.808,1.0,29.43,,
ATOM,1420,N,,VAL,B,124,,67.202,-23.502,-53.013,1.0,26.5,,
ATOM,1421,CA,,VAL,B,124,,68.281,-22.659,-53.527,1.0,28.23,,
ATOM,1422,C,,VAL,B,124,,67.704,-21.5,-54.326,1.0,30.69,,
ATOM,1423,O,,VAL,B,124,,66.644,-21.613,-54.935,1.0,31.32,,
ATOM,1424,CB,,VAL,B,124,,69.424,-23.42,-54.27,1.0,33.49,,
ATOM,1425,CG1,,VAL,B,124,,70.085,-24.442,-53.345,1.0,32.77,,
ATOM,1426,CG2,,VAL,B,124,,68.941,-24.074,-55.56,1.0,34.01,,
ATOM,1427,N,,THR,B,125,,68.426,-20.399,-54.33,1.0,25.85,,
ATOM,1428,CA,,THR,B,125,,68.06,-19.139,-54.955,1.0,26.95,,
ATOM,1429,C,,THR,B,125,,69.206,-18.711,-55.896,1.0,30.0,,
ATOM,1430,O,,THR,B,125,,70.362,-18.999,-55.567,1.0,28.89,,
ATOM,1431,CB,,THR,B,125,,67.883,-18.121,-53.8,1.0,34.94,,
ATOM,1432,CG2,,THR,B,125,,67.941,-16.686,-54.228,1.0,28.33,,
ATOM,1433,OG1,,THR,B,125,,66.695,-18.414,-53.062,1.0,45.53,,
ATOM,1434,N,,PRO,B,126,,68.938,-17.948,-56.999,1.0,27.92,,
ATOM,1435,CA,,PRO,B,126,,70.042,-17.497,-57.865,1.0,27.99,,
ATOM,1436,C,,PRO,B,126,,70.802,-16.275,-57.302,1.0,32.85,,
ATOM,1437,O,,PRO,B,126,,71.754,-15.822,-57.917,1.0,32.84,,
ATOM,1438,CB,,PRO,B,126,,69.319,-17.153,-59.171,1.0,29.69,,
ATOM,1439,CG,,PRO,B,126,,68.012,-16.659,-58.726,1.0,32.99,,
ATOM,1440,CD,,PRO,B,126,,67.636,-17.508,-57.546,1.0,28.58,,
ATOM,1441,N,,ILE,B,127,,70.337,-15.688,-56.19,1.0,32.86,,
ATOM,1442,CA,,ILE,B,127,,70.976,-14.525,-55.559,1.0,34.19,,
ATOM,1443,C,,ILE,B,127,,71.611,-14.941,-54.235,1.0,41.48,,
ATOM,1444,O,,ILE,B,127,,70.9,-15.35,-53.302,1.0,41.65,,
ATOM,1445,CB,,ILE,B,127,,70.024,-13.3,-55.397,1.0,37.63,,
ATOM,1446,CG1,,ILE,B,127,,69.436,-12.857,-56.769,1.0,38.67,,
ATOM,1447,CG2,,ILE,B,127,,70.769,-12.129,-54.717,1.0,37.31,,
ATOM,1448,CD1,,ILE,B,127,,68.234,-11.888,-56.648,1.0,43.32,,
ATOM,1449,N,,VAL,B,128,,72.942,-14.828,-54.141,1.0,41.04,,
ATOM,1450,CA,,VAL,B,128,,73.659,-15.203,-52.911,1.0,42.73,,
ATOM,1451,C,,VAL,B,128,,73.912,-13.959,-52.065,1.0,47.97,,
ATOM,1452,O,,VAL,B,128,,74.479,-12.995,-52.544,1.0,47.23,,
ATOM,1453,CB,,VAL,B,128,,74.929,-16.069,-53.157,1.0,47.55,,
ATOM,1454,CG1,,VAL,B,128,,75.646,-16.391,-51.841,1.0,47.27,,
ATOM,1455,CG2,,VAL,B,128,,74.562,-17.36,-53.884,1.0,47.11,,
ATOM,1456,N,,HIS,B,129,,73.436,-13.983,-50.82,1.0,47.96,,
ATOM,1457,CA,,HIS,B,129,,73.521,-12.875,-49.874,1.0,75.53,,
ATOM,1458,C,,HIS,B,129,,74.61,-13.089,-48.825,1.0,113.0,,
ATOM,1459,O,,HIS,B,129,,75.535,-12.283,-48.728,1.0,83.18,,
ATOM,1460,CB,,HIS,B,129,,72.153,-12.657,-49.21,1.0,75.77,,
ATOM,1461,CG,,HIS,B,129,,71.054,-12.317,-50.175,1.0,78.7,,
ATOM,1462,CD2,,HIS,B,129,,70.08,-13.105,-50.69,1.0,79.36,,
ATOM,1463,ND1,,HIS,B,129,,70.881,-11.022,-50.65,1.0,81.04,,
ATOM,1464,CE1,,HIS,B,129,,69.818,-11.068,-51.438,1.0,80.09,,
ATOM,1465,NE2,,HIS,B,129,,69.3,-12.298,-51.493,1.0,79.5,,
